rank,paper_id,bibtex_key,title,first_author,year,doi,journal,content_level,integration_level,prior_score,has_full_text,linked_cases,has_theory_support,use_for_count,priority_score,upload_action,researcher,fetch_urls
1,PAP-zellweger2023entrepreneurs,zellweger2023entrepreneurs,Entrepreneurs as Scientists: A Pragmatist Approach to Producing Value Out of Uncertainty,"Zellweger, Thomas and Zenger, Todd",2023,10.5465/amr.2020.0503,Academy of Management Review,L2,I5,0.875,True,0,True,6,638.8,UPGRADE_TO_L3,"{'name': 'Thomas Zellweger', 'department': {'url': 'https://www.unisg.ch/en/personenverzeichnis/thomas-zellweger', 'site_pattern': 'unisg.ch', 'institution': 'University of St. Gallen', 'search_hint': 'Entrepreneurs as Scientists: A Pragmatist Approach to Produc filetype:pdf site:unisg.ch'}, 'personal': None}","['https://api.unpaywall.org/v2/10.5465/amr.2020.0503?email=research@fehradvice.com', 'https://doi.org/10.5465/amr.2020.0503']"
2,PAP-binetti2024understanding,binetti2024understanding,People's Understanding of Inflation,"{'family': 'Binetti', 'given': 'Alberto'",2024,10.1016/j.jmoneco.2024.103652,Journal of Monetary Economics,L2,I4,0.8554,True,3,False,0,552.8,UPGRADE_TO_L3,,"['https://api.unpaywall.org/v2/10.1016/j.jmoneco.2024.103652?email=research@fehradvice.com', 'https://doi.org/10.1016/j.jmoneco.2024.103652']"
3,PAP-heckman2024causality,heckman2024causality,Econometric Causality: The Central Role of Thought Experiments,"Heckman, James J. and Pinto, Rodrigo",2024,10.1016/j.jeconom.2024.105719,Journal of Econometrics,L2,I4,0.8211,True,0,True,5,536.1,UPGRADE_TO_L3,"{'name': 'James Heckman', 'department': {'url': 'https://www.chicagobooth.edu/faculty/directory/h/james-j-heckman', 'site_pattern': 'uchicago.edu', 'institution': 'University of Chicago', 'search_hint': 'Econometric Causality: The Central Role of Thought Experimen filetype:pdf site:uchicago.edu'}, 'personal': {'url': 'https://heckmanequation.org/resource-library/', 'site_pattern': 'heckmanequation.org', 'search_hint': 'Econometric Causality: The Central Role of Thought Experimen filetype:pdf site:heckmanequation.org'}}","['https://api.unpaywall.org/v2/10.1016/j.jeconom.2024.105719?email=research@fehradvice.com', 'https://doi.org/10.1016/j.jeconom.2024.105719']"
4,PAP-madrian2001power,madrian2001power,[Title for madrian2001power],,2001,10.1162/003355301753265543,,L2,I3,0.7824,False,211,True,5,534.1,UPLOAD_FULLTEXT,"{'name': 'Brigitte Madrian', 'department': {'url': 'https://scholar.harvard.edu/madrian/publications', 'site_pattern': 'harvard.edu', 'institution': 'Harvard Kennedy School', 'search_hint': '[Title for madrian2001power] filetype:pdf site:harvard.edu'}, 'personal': None}","['https://api.unpaywall.org/v2/10.1162/003355301753265543?email=research@fehradvice.com', 'https://doi.org/10.1162/003355301753265543']"
5,PAP-rossinslater2026preschool,rossinslater2026preschool,The Impact of Preschool Entry Age on Children's Behavioral and Developmental Health in Medicaid,"Rossin-Slater, Sabety, Wu",2026,10.3386/w34677,NBER Working Paper Series,L2,I4,0.7166,True,0,True,8,530.8,UPGRADE_TO_L3,"{'name': 'Maya Rossin-Slater', 'department': {'url': 'https://profiles.stanford.edu/maya-rossin-slater', 'site_pattern': 'stanford.edu', 'institution': 'Stanford University', 'search_hint': ""The Impact of Preschool Entry Age on Children's Behavioral a filetype:pdf site:stanford.edu""}, 'personal': None}","['https://api.unpaywall.org/v2/10.3386/w34677?email=research@fehradvice.com', 'https://www.nber.org/system/files/working_papers/w34677/w34677.pdf', 'https://doi.org/10.3386/w34677']"
6,PAP-benabou2018narratives,benabou2018narratives,"Narratives, Imperatives, and Moral Reasoning","Bénabou, Roland; Falk, Armin; Tirole, Je",2018,10.3386/w24798,NBER Working Paper,L2,I4,0.6999,True,0,True,7,530.0,UPGRADE_TO_L3,"{'name': 'Roland Bénabou', 'department': {'url': 'https://www.princeton.edu/~rbenabou/papers.html', 'site_pattern': 'princeton.edu', 'institution': 'Princeton University', 'search_hint': 'Narratives, Imperatives, and Moral Reasoning filetype:pdf site:princeton.edu'}, 'personal': None}","['https://api.unpaywall.org/v2/10.3386/w24798?email=research@fehradvice.com', 'https://www.nber.org/system/files/working_papers/w24798/w24798.pdf', 'https://doi.org/10.3386/w24798']"
7,PAP-heckman2023virtue,heckman2023virtue,"The Economic Approach to Personality, Character and Virtue","Heckman, James J. and Galaty, Tomas and ",2023,10.3386/w31258,,L2,I4,0.6921,True,0,True,7,529.6,UPGRADE_TO_L3,"{'name': 'James Heckman', 'department': {'url': 'https://www.chicagobooth.edu/faculty/directory/h/james-j-heckman', 'site_pattern': 'uchicago.edu', 'institution': 'University of Chicago', 'search_hint': 'The Economic Approach to Personality, Character and Virtue filetype:pdf site:uchicago.edu'}, 'personal': {'url': 'https://heckmanequation.org/resource-library/', 'site_pattern': 'heckmanequation.org', 'search_hint': 'The Economic Approach to Personality, Character and Virtue filetype:pdf site:heckmanequation.org'}}","['https://api.unpaywall.org/v2/10.3386/w31258?email=research@fehradvice.com', 'https://www.nber.org/system/files/working_papers/w31258/w31258.pdf', 'https://doi.org/10.3386/w31258']"
8,PAP-kahneman2006luck,kahneman2006luck,The Role of Luck in Success,Kahneman,2006,null,,L2,I3,0.5206,False,221,True,1,521.0,UPLOAD_FULLTEXT,"{'name': 'Daniel Kahneman', 'department': {'url': 'https://scholar.princeton.edu/kahneman/publications', 'site_pattern': 'princeton.edu', 'institution': 'Princeton University', 'search_hint': 'The Role of Luck in Success filetype:pdf site:princeton.edu'}, 'personal': None}","['https://api.unpaywall.org/v2/null?email=research@fehradvice.com', 'https://doi.org/null']"
9,PAP-fehr2001minimum,fehr2001minimum,Do Workers Work More if Wages Are High? Evidence from a Rand...,Fehr,2001,null,,L2,I3,0.5059,False,30,True,3,520.3,UPLOAD_FULLTEXT,"{'name': 'Ernst Fehr', 'department': {'url': 'https://www.econ.uzh.ch/en/people/faculty/fehr/publications.html', 'site_pattern': 'econ.uzh.ch', 'institution': 'University of Zurich', 'search_hint': 'Do Workers Work More if Wages Are High? Evidence from a Rand filetype:pdf site:econ.uzh.ch'}, 'personal': None}","['https://api.unpaywall.org/v2/null?email=research@fehradvice.com', 'https://doi.org/null']"
10,PAP-fehr1995evolution,fehr1995evolution,Evolution of Fairness Preferences,Fehr,1995,null,,L2,I3,0.4588,False,68,True,2,517.9,UPLOAD_FULLTEXT,"{'name': 'Ernst Fehr', 'department': {'url': 'https://www.econ.uzh.ch/en/people/faculty/fehr/publications.html', 'site_pattern': 'econ.uzh.ch', 'institution': 'University of Zurich', 'search_hint': 'Evolution of Fairness Preferences filetype:pdf site:econ.uzh.ch'}, 'personal': None}","['https://api.unpaywall.org/v2/null?email=research@fehradvice.com', 'https://doi.org/null']"
11,PAP-henrich2001search,henrich2001search,In Search of Homo Economicus: Behavioral Experiments in 15 S...,Henrich,2001,10.1257/aer.91.2.73,,L2,I3,0.45,True,84,True,3,517.5,UPGRADE_TO_L3,"{'name': 'Joseph Henrich', 'department': {'url': 'https://henrich.fas.harvard.edu/publications', 'site_pattern': 'harvard.edu', 'institution': 'Harvard University', 'search_hint': 'In Search of Homo Economicus: Behavioral Experiments in 15 S filetype:pdf site:harvard.edu'}, 'personal': None}","['https://api.unpaywall.org/v2/10.1257/aer.91.2.73?email=research@fehradvice.com', 'https://doi.org/10.1257/aer.91.2.73']"
12,PAP-kahneman1986loss,kahneman1986loss,Loss Aversion and Riskless Choice,Kahneman,1986,null,,L2,I3,0.4392,False,40,True,1,517.0,UPLOAD_FULLTEXT,"{'name': 'Daniel Kahneman', 'department': {'url': 'https://scholar.princeton.edu/kahneman/publications', 'site_pattern': 'princeton.edu', 'institution': 'Princeton University', 'search_hint': 'Loss Aversion and Riskless Choice filetype:pdf site:princeton.edu'}, 'personal': None}","['https://api.unpaywall.org/v2/null?email=research@fehradvice.com', 'https://doi.org/null']"
13,PAP-fehr2013implicit,fehr2013implicit,Implicit Fairness Preferences,Fehr,2013,null,,L2,I3,0.4322,False,84,True,3,516.6,UPLOAD_FULLTEXT,"{'name': 'Ernst Fehr', 'department': {'url': 'https://www.econ.uzh.ch/en/people/faculty/fehr/publications.html', 'site_pattern': 'econ.uzh.ch', 'institution': 'University of Zurich', 'search_hint': 'Implicit Fairness Preferences filetype:pdf site:econ.uzh.ch'}, 'personal': None}","['https://api.unpaywall.org/v2/null?email=research@fehradvice.com', 'https://doi.org/null']"
14,PAP-cosmides1994cognitive,cosmides1994cognitive,Better than Rational: Evolutionary Psychology and the Invisi...,Cosmides,1994,null,,L2,I3,0.4257,False,68,False,1,516.3,UPLOAD_FULLTEXT,"{'name': 'Leda Cosmides', 'department': {'url': 'https://www.psych.ucsb.edu/people/faculty/cosmides', 'site_pattern': 'ucsb.edu', 'institution': 'UC Santa Barbara', 'search_hint': 'Better than Rational: Evolutionary Psychology and the Invisi filetype:pdf site:ucsb.edu'}, 'personal': None}","['https://api.unpaywall.org/v2/null?email=research@fehradvice.com', 'https://doi.org/null']"
15,PAP-fehr2009time,fehr2009time,Fairness and Contract Design,Fehr,2009,null,,L2,I3,0.4245,False,32,True,3,516.2,UPLOAD_FULLTEXT,"{'name': 'Ernst Fehr', 'department': {'url': 'https://www.econ.uzh.ch/en/people/faculty/fehr/publications.html', 'site_pattern': 'econ.uzh.ch', 'institution': 'University of Zurich', 'search_hint': 'Fairness and Contract Design filetype:pdf site:econ.uzh.ch'}, 'personal': None}","['https://api.unpaywall.org/v2/null?email=research@fehradvice.com', 'https://doi.org/null']"
16,PAP-kahneman2012new,kahneman2012new,New Perspectives on Behavioral Finance,Kahneman,2012,null,,L2,I3,0.3672,False,75,True,1,513.4,UPLOAD_FULLTEXT,"{'name': 'Daniel Kahneman', 'department': {'url': 'https://scholar.princeton.edu/kahneman/publications', 'site_pattern': 'princeton.edu', 'institution': 'Princeton University', 'search_hint': 'New Perspectives on Behavioral Finance filetype:pdf site:princeton.edu'}, 'personal': None}","['https://api.unpaywall.org/v2/null?email=research@fehradvice.com', 'https://doi.org/null']"
17,PAP-fehr2010bonus,fehr2010bonus,The Impact of Organizational Structure and Process on Outcom...,Fehr,2010,null,,L2,I3,0.3595,False,32,True,2,513.0,UPLOAD_FULLTEXT,"{'name': 'Ernst Fehr', 'department': {'url': 'https://www.econ.uzh.ch/en/people/faculty/fehr/publications.html', 'site_pattern': 'econ.uzh.ch', 'institution': 'University of Zurich', 'search_hint': 'The Impact of Organizational Structure and Process on Outcom filetype:pdf site:econ.uzh.ch'}, 'personal': None}","['https://api.unpaywall.org/v2/null?email=research@fehradvice.com', 'https://doi.org/null']"
18,PAP-fehr2003when,fehr2003when,When Social Norms Overpower Competition,Fehr,2003,null,,L2,I3,0.3553,False,31,True,4,512.8,UPLOAD_FULLTEXT,"{'name': 'Ernst Fehr', 'department': {'url': 'https://www.econ.uzh.ch/en/people/faculty/fehr/publications.html', 'site_pattern': 'econ.uzh.ch', 'institution': 'University of Zurich', 'search_hint': 'When Social Norms Overpower Competition filetype:pdf site:econ.uzh.ch'}, 'personal': None}","['https://api.unpaywall.org/v2/null?email=research@fehradvice.com', 'https://doi.org/null']"
19,PAP-fehr2013behavioral,fehr2013behavioral,Behavioral Insights into Policy Design,Fehr,2013,null,,L2,I3,0.3515,False,176,True,3,512.6,UPLOAD_FULLTEXT,"{'name': 'Ernst Fehr', 'department': {'url': 'https://www.econ.uzh.ch/en/people/faculty/fehr/publications.html', 'site_pattern': 'econ.uzh.ch', 'institution': 'University of Zurich', 'search_hint': 'Behavioral Insights into Policy Design filetype:pdf site:econ.uzh.ch'}, 'personal': None}","['https://api.unpaywall.org/v2/null?email=research@fehradvice.com', 'https://doi.org/null']"
20,PAP-thaler2000atus,thaler2000atus,Mental Accounting and the Equity Premium Puzzle,Thaler,2000,10.1086/209749,,L2,I3,0.3512,False,204,True,2,512.6,UPLOAD_FULLTEXT,"{'name': 'Richard Thaler', 'department': {'url': 'https://faculty.chicagobooth.edu/richard-thaler/research', 'site_pattern': 'chicagobooth.edu', 'institution': 'Chicago Booth', 'search_hint': 'Mental Accounting and the Equity Premium Puzzle filetype:pdf site:chicagobooth.edu'}, 'personal': None}","['https://api.unpaywall.org/v2/10.1086/209749?email=research@fehradvice.com', 'https://doi.org/10.1086/209749']"
21,PAP-kahneman2002well,kahneman2002well,Well-Being: The Foundations of Hedonic Psychology,Kahneman,2002,null,,L2,I3,0.3474,False,140,True,1,512.4,UPLOAD_FULLTEXT,"{'name': 'Daniel Kahneman', 'department': {'url': 'https://scholar.princeton.edu/kahneman/publications', 'site_pattern': 'princeton.edu', 'institution': 'Princeton University', 'search_hint': 'Well-Being: The Foundations of Hedonic Psychology filetype:pdf site:princeton.edu'}, 'personal': None}","['https://api.unpaywall.org/v2/null?email=research@fehradvice.com', 'https://doi.org/null']"
22,PAP-kahneman1988mental,kahneman1988mental,Mental Simulation and Decision-Making,Kahneman,1988,null,,L2,I3,0.3435,False,233,True,1,512.2,UPLOAD_FULLTEXT,"{'name': 'Daniel Kahneman', 'department': {'url': 'https://scholar.princeton.edu/kahneman/publications', 'site_pattern': 'princeton.edu', 'institution': 'Princeton University', 'search_hint': 'Mental Simulation and Decision-Making filetype:pdf site:princeton.edu'}, 'personal': None}","['https://api.unpaywall.org/v2/null?email=research@fehradvice.com', 'https://doi.org/null']"
23,PAP-fehr1994punishment,fehr1994punishment,Costly Punishment Sustains Cooperation,Fehr,1994,null,,L2,I3,0.3399,False,84,True,3,512.0,UPLOAD_FULLTEXT,"{'name': 'Ernst Fehr', 'department': {'url': 'https://www.econ.uzh.ch/en/people/faculty/fehr/publications.html', 'site_pattern': 'econ.uzh.ch', 'institution': 'University of Zurich', 'search_hint': 'Costly Punishment Sustains Cooperation filetype:pdf site:econ.uzh.ch'}, 'personal': None}","['https://api.unpaywall.org/v2/null?email=research@fehradvice.com', 'https://doi.org/null']"
24,PAP-puntoni2021consumers,puntoni2021consumers,Consumers and Artificial Intelligence: An Experiential Perspective,"Puntoni, Stefano",2021,10.1177/0022242920953847,Journal of Marketing,L2,I4,0.3311,True,0,True,9,511.6,UPGRADE_TO_L3,"{'name': 'Stefano Puntoni', 'department': {'url': 'https://www.wharton.upenn.edu/faculty/platform/profile/stefano-puntoni/', 'site_pattern': 'upenn.edu', 'institution': 'Wharton, UPenn', 'search_hint': 'Consumers and Artificial Intelligence: An Experiential Persp filetype:pdf site:upenn.edu'}, 'personal': None}","['https://api.unpaywall.org/v2/10.1177/0022242920953847?email=research@fehradvice.com', 'https://doi.org/10.1177/0022242920953847']"
25,PAP-becker1965theory,becker1965theory,A Theory of the Allocation of Time,"Becker, Gary S.",1965,10.2307/2228949,Economic Journal,L2,I4,0.3015,True,0,True,9,510.1,UPGRADE_TO_L3,"{'name': 'Gary Becker', 'department': {'url': 'https://www.chicagobooth.edu/faculty/directory/b/gary-s-becker', 'site_pattern': 'chicagobooth.edu', 'institution': 'Chicago Booth (archive)', 'search_hint': 'A Theory of the Allocation of Time filetype:pdf site:chicagobooth.edu'}, 'personal': None}","['https://api.unpaywall.org/v2/10.2307/2228949?email=research@fehradvice.com', 'https://doi.org/10.2307/2228949']"
26,PAP-fehr2010perspective,fehr2010perspective,Perspective on Future Behavioral Research,Fehr,2010,null,,L2,I3,0.287,False,68,True,3,509.4,UPLOAD_FULLTEXT,"{'name': 'Ernst Fehr', 'department': {'url': 'https://www.econ.uzh.ch/en/people/faculty/fehr/publications.html', 'site_pattern': 'econ.uzh.ch', 'institution': 'University of Zurich', 'search_hint': 'Perspective on Future Behavioral Research filetype:pdf site:econ.uzh.ch'}, 'personal': None}","['https://api.unpaywall.org/v2/null?email=research@fehradvice.com', 'https://doi.org/null']"
27,PAP-bolton1997reciprocal,bolton1997reciprocal,"A Theory of Equity, Reciprocity, and Competition",Bolton,1997,null,,L2,I3,0.2723,False,84,True,2,508.6,UPLOAD_FULLTEXT,"{'name': 'Gary Bolton', 'department': {'url': 'https://www.mccombs.utexas.edu/faculty/gary-bolton', 'site_pattern': 'utexas.edu', 'institution': 'UT Austin', 'search_hint': 'A Theory of Equity, Reciprocity, and Competition filetype:pdf site:utexas.edu'}, 'personal': None}","['https://api.unpaywall.org/v2/null?email=research@fehradvice.com', 'https://doi.org/null']"
28,PAP-fehr2008implementation,fehr2008implementation,Implementation of Behavioral Economic Policies,Fehr,2008,null,,L2,I3,0.2723,False,176,True,2,508.6,UPLOAD_FULLTEXT,"{'name': 'Ernst Fehr', 'department': {'url': 'https://www.econ.uzh.ch/en/people/faculty/fehr/publications.html', 'site_pattern': 'econ.uzh.ch', 'institution': 'University of Zurich', 'search_hint': 'Implementation of Behavioral Economic Policies filetype:pdf site:econ.uzh.ch'}, 'personal': None}","['https://api.unpaywall.org/v2/null?email=research@fehradvice.com', 'https://doi.org/null']"
29,PAP-thaler1985mental,thaler1985mental,[Title for thaler1985mental],,1985,10.1287/mksc.4.3.199,,L2,I3,0.2721,False,204,True,2,508.6,UPLOAD_FULLTEXT,"{'name': 'Richard Thaler', 'department': {'url': 'https://faculty.chicagobooth.edu/richard-thaler/research', 'site_pattern': 'chicagobooth.edu', 'institution': 'Chicago Booth', 'search_hint': '[Title for thaler1985mental] filetype:pdf site:chicagobooth.edu'}, 'personal': None}","['https://api.unpaywall.org/v2/10.1287/mksc.4.3.199?email=research@fehradvice.com', 'https://doi.org/10.1287/mksc.4.3.199']"
30,PAP-thaler2003choice,thaler2003choice,Libertarian Paternalism,Thaler,2003,10.1111/1467-6419.00242,,L2,I3,0.2672,False,176,True,3,508.4,UPLOAD_FULLTEXT,"{'name': 'Richard Thaler', 'department': {'url': 'https://faculty.chicagobooth.edu/richard-thaler/research', 'site_pattern': 'chicagobooth.edu', 'institution': 'Chicago Booth', 'search_hint': 'Libertarian Paternalism filetype:pdf site:chicagobooth.edu'}, 'personal': None}","['https://api.unpaywall.org/v2/10.1111/1467-6419.00242?email=research@fehradvice.com', 'https://doi.org/10.1111/1467-6419.00242']"
31,PAP-tversky1981framing,tversky1981framing,The Framing of Decisions and the Psychology of Choice,Tversky,1981,10.1126/science.7455683,,L2,I3,0.2672,False,170,True,1,508.4,UPLOAD_FULLTEXT,"{'name': 'Amos Tversky', 'department': {'url': 'https://psychology.stanford.edu/', 'site_pattern': 'stanford.edu', 'institution': 'Stanford University (archive)', 'search_hint': 'The Framing of Decisions and the Psychology of Choice filetype:pdf site:stanford.edu'}, 'personal': None}","['https://api.unpaywall.org/v2/10.1126/science.7455683?email=research@fehradvice.com', 'https://doi.org/10.1126/science.7455683']"
32,PAP-dellavigna2006paying,dellavigna2006paying,Paying Not to Go to the Gym,DellaVigna,2006,10.1257/aer.96.3.694,,L2,I3,0.2623,False,21,True,1,508.1,UPLOAD_FULLTEXT,"{'name': 'Stefano DellaVigna', 'department': {'url': 'https://eml.berkeley.edu/~sdellavi/research.html', 'site_pattern': 'berkeley.edu', 'institution': 'UC Berkeley', 'search_hint': 'Paying Not to Go to the Gym filetype:pdf site:berkeley.edu'}, 'personal': None}","['https://api.unpaywall.org/v2/10.1257/aer.96.3.694?email=research@fehradvice.com', 'https://doi.org/10.1257/aer.96.3.694']"
33,PAP-fehr2004social,fehr2004social,[Title for fehr2004social],,2004,10.1016/j.tics.2004.02.007,,L2,I3,0.2623,False,84,True,3,508.1,UPLOAD_FULLTEXT,"{'name': 'Ernst Fehr', 'department': {'url': 'https://www.econ.uzh.ch/en/people/faculty/fehr/publications.html', 'site_pattern': 'econ.uzh.ch', 'institution': 'University of Zurich', 'search_hint': '[Title for fehr2004social] filetype:pdf site:econ.uzh.ch'}, 'personal': None}","['https://api.unpaywall.org/v2/10.1016/j.tics.2004.02.007?email=research@fehradvice.com', 'https://doi.org/10.1016/j.tics.2004.02.007']"
34,PAP-prelec1991puzzles,prelec1991puzzles,Decision Making Over Time and Under Uncertainty: A Common Ra...,Prelec,1991,10.1287/mnsc.37.7.770,,L2,I3,0.2623,False,40,True,1,508.1,UPLOAD_FULLTEXT,"{'name': 'Drazen Prelec', 'department': {'url': 'https://mitsloan.mit.edu/faculty/directory/drazen-prelec', 'site_pattern': 'mit.edu', 'institution': 'MIT Sloan', 'search_hint': 'Decision Making Over Time and Under Uncertainty: A Common Ra filetype:pdf site:mit.edu'}, 'personal': None}","['https://api.unpaywall.org/v2/10.1287/mnsc.37.7.770?email=research@fehradvice.com', 'https://doi.org/10.1287/mnsc.37.7.770']"
35,PAP-kahneman2003maps,kahneman2003maps,[Title for kahneman2003maps],,2003,10.1257/000282803322655392,,L2,I3,0.2574,False,258,True,1,507.9,UPLOAD_FULLTEXT,"{'name': 'Daniel Kahneman', 'department': {'url': 'https://scholar.princeton.edu/kahneman/publications', 'site_pattern': 'princeton.edu', 'institution': 'Princeton University', 'search_hint': '[Title for kahneman2003maps] filetype:pdf site:princeton.edu'}, 'personal': None}","['https://api.unpaywall.org/v2/10.1257/000282803322655392?email=research@fehradvice.com', 'https://doi.org/10.1257/000282803322655392']"
36,PAP-kahneman2008future,kahneman2008future,The Future of Behavioral Economics,Kahneman,2008,null,,L2,I3,0.2576,False,176,True,1,507.9,UPLOAD_FULLTEXT,"{'name': 'Daniel Kahneman', 'department': {'url': 'https://scholar.princeton.edu/kahneman/publications', 'site_pattern': 'princeton.edu', 'institution': 'Princeton University', 'search_hint': 'The Future of Behavioral Economics filetype:pdf site:princeton.edu'}, 'personal': None}","['https://api.unpaywall.org/v2/null?email=research@fehradvice.com', 'https://doi.org/null']"
37,PAP-benabou2024ends,benabou2024ends,"Ends versus Means: Kantians, Utilitarians, and Moral Decisions","{'family': 'Bénabou', 'given': 'Roland',",2024,10.3386/w32073,,L2,I4,0.253,True,0,True,7,507.6,UPGRADE_TO_L3,"{'name': 'Roland Bénabou', 'department': {'url': 'https://www.princeton.edu/~rbenabou/papers.html', 'site_pattern': 'princeton.edu', 'institution': 'Princeton University', 'search_hint': 'Ends versus Means: Kantians, Utilitarians, and Moral Decisio filetype:pdf site:princeton.edu'}, 'personal': None}","['https://api.unpaywall.org/v2/10.3386/w32073?email=research@fehradvice.com', 'https://www.nber.org/system/files/working_papers/w32073/w32073.pdf', 'https://doi.org/10.3386/w32073']"
38,PAP-benabou2025identity,benabou2025identity,Identity as Self-Image,"Bénabou, Roland; Henkel, Luca",2025,10.3386/w34297,,L2,I4,0.2491,True,0,True,5,507.5,UPGRADE_TO_L3,"{'name': 'Roland Bénabou', 'department': {'url': 'https://www.princeton.edu/~rbenabou/papers.html', 'site_pattern': 'princeton.edu', 'institution': 'Princeton University', 'search_hint': 'Identity as Self-Image filetype:pdf site:princeton.edu'}, 'personal': None}","['https://api.unpaywall.org/v2/10.3386/w34297?email=research@fehradvice.com', 'https://www.nber.org/system/files/working_papers/w34297/w34297.pdf', 'https://doi.org/10.3386/w34297']"
39,PAP-benabou2022hurts,benabou2022hurts,It Hurts To Ask,"Bénabou, Roland; Jaroszewicz, Ania; Loew",2022,10.3386/w30486,NBER Working Paper,L2,I4,0.245,True,0,True,7,507.2,UPGRADE_TO_L3,"{'name': 'Roland Bénabou', 'department': {'url': 'https://www.princeton.edu/~rbenabou/papers.html', 'site_pattern': 'princeton.edu', 'institution': 'Princeton University', 'search_hint': 'It Hurts To Ask filetype:pdf site:princeton.edu'}, 'personal': None}","['https://api.unpaywall.org/v2/10.3386/w30486?email=research@fehradvice.com', 'https://www.nber.org/system/files/working_papers/w30486/w30486.pdf', 'https://doi.org/10.3386/w30486']"
40,PAP-fehr2014evolution,fehr2014evolution,The Evolution of Altruism and Punishment,Fehr,2014,null,,L2,I3,0.2427,False,84,True,2,507.1,UPLOAD_FULLTEXT,"{'name': 'Ernst Fehr', 'department': {'url': 'https://www.econ.uzh.ch/en/people/faculty/fehr/publications.html', 'site_pattern': 'econ.uzh.ch', 'institution': 'University of Zurich', 'search_hint': 'The Evolution of Altruism and Punishment filetype:pdf site:econ.uzh.ch'}, 'personal': None}","['https://api.unpaywall.org/v2/null?email=research@fehradvice.com', 'https://doi.org/null']"
41,PAP-simon1955behavioral,simon1955behavioral,[Title for simon1955behavioral],,1955,10.2307/1884852,,L2,I3,0.239,False,230,False,1,506.9,UPLOAD_FULLTEXT,"{'name': 'Herbert Simon', 'department': {'url': 'https://www.cs.cmu.edu/~simon/', 'site_pattern': 'cmu.edu', 'institution': 'Carnegie Mellon (archive)', 'search_hint': '[Title for simon1955behavioral] filetype:pdf site:cmu.edu'}, 'personal': None}","['https://api.unpaywall.org/v2/10.2307/1884852?email=research@fehradvice.com', 'https://doi.org/10.2307/1884852']"
42,PAP-tversky1974judgment,tversky1974judgment,Judgment under Uncertainty: Heuristics and Biases,Tversky,1974,10.1126/science.185.4157.1124,,L2,I3,0.2378,False,75,True,1,506.9,UPLOAD_FULLTEXT,"{'name': 'Amos Tversky', 'department': {'url': 'https://psychology.stanford.edu/', 'site_pattern': 'stanford.edu', 'institution': 'Stanford University (archive)', 'search_hint': 'Judgment under Uncertainty: Heuristics and Biases filetype:pdf site:stanford.edu'}, 'personal': None}","['https://api.unpaywall.org/v2/10.1126/science.185.4157.1124?email=research@fehradvice.com', 'https://doi.org/10.1126/science.185.4157.1124']"
43,PAP-camerer2009strategic,camerer2009strategic,Strategic Thinking in Markets,Camerer,2009,null,,L2,I3,0.2254,False,204,True,3,506.3,UPLOAD_FULLTEXT,"{'name': 'Colin Camerer', 'department': {'url': 'https://www.hss.caltech.edu/content/colin-f-camerer', 'site_pattern': 'caltech.edu', 'institution': 'Caltech', 'search_hint': 'Strategic Thinking in Markets filetype:pdf site:caltech.edu'}, 'personal': None}","['https://api.unpaywall.org/v2/null?email=research@fehradvice.com', 'https://doi.org/null']"
44,PAP-adolphs2010neurobiology,adolphs2010neurobiology,What Does the Amygdala Do?,Adolphs,2010,10.1016/j.tics.2009.10.011,,L2,I3,0.2194,False,140,False,1,506.0,UPLOAD_FULLTEXT,,"['https://api.unpaywall.org/v2/10.1016/j.tics.2009.10.011?email=research@fehradvice.com', 'https://doi.org/10.1016/j.tics.2009.10.011']"
45,PAP-fehr2004dilemma,fehr2004dilemma,Social Dilemmas and Cooperation,Fehr,2004,null,,L2,I3,0.2179,False,84,True,2,505.9,UPLOAD_FULLTEXT,"{'name': 'Ernst Fehr', 'department': {'url': 'https://www.econ.uzh.ch/en/people/faculty/fehr/publications.html', 'site_pattern': 'econ.uzh.ch', 'institution': 'University of Zurich', 'search_hint': 'Social Dilemmas and Cooperation filetype:pdf site:econ.uzh.ch'}, 'personal': None}","['https://api.unpaywall.org/v2/null?email=research@fehradvice.com', 'https://doi.org/null']"
46,PAP-fehr2011overview,fehr2011overview,Overview of Behavioral Economics,Fehr,2011,null,,L2,I3,0.2176,False,68,True,2,505.9,UPLOAD_FULLTEXT,"{'name': 'Ernst Fehr', 'department': {'url': 'https://www.econ.uzh.ch/en/people/faculty/fehr/publications.html', 'site_pattern': 'econ.uzh.ch', 'institution': 'University of Zurich', 'search_hint': 'Overview of Behavioral Economics filetype:pdf site:econ.uzh.ch'}, 'personal': None}","['https://api.unpaywall.org/v2/null?email=research@fehradvice.com', 'https://doi.org/null']"
47,PAP-kahneman1985ambiguity,kahneman1985ambiguity,The Ambiguity Aversion Puzzle,Kahneman,1985,null,,L2,I3,0.2176,False,75,True,1,505.9,UPLOAD_FULLTEXT,"{'name': 'Daniel Kahneman', 'department': {'url': 'https://scholar.princeton.edu/kahneman/publications', 'site_pattern': 'princeton.edu', 'institution': 'Princeton University', 'search_hint': 'The Ambiguity Aversion Puzzle filetype:pdf site:princeton.edu'}, 'personal': None}","['https://api.unpaywall.org/v2/null?email=research@fehradvice.com', 'https://doi.org/null']"
48,PAP-kahneman2001robust,kahneman2001robust,Robust Decisions and By Default,Kahneman,2001,null,,L2,I3,0.2176,False,297,True,1,505.9,UPLOAD_FULLTEXT,"{'name': 'Daniel Kahneman', 'department': {'url': 'https://scholar.princeton.edu/kahneman/publications', 'site_pattern': 'princeton.edu', 'institution': 'Princeton University', 'search_hint': 'Robust Decisions and By Default filetype:pdf site:princeton.edu'}, 'personal': None}","['https://api.unpaywall.org/v2/null?email=research@fehradvice.com', 'https://doi.org/null']"
49,PAP-ariely2008predictably,ariely2008predictably,Predictably Irrational: The Hidden Forces That Shape Our Dec...,Ariely,2008,10.1093/acprof:oso/9780195305930.001.0001,,L2,I3,0.2138,False,258,True,3,505.7,UPLOAD_FULLTEXT,"{'name': 'Dan Ariely', 'department': {'url': 'https://faculty.fuqua.duke.edu/~dandan/', 'site_pattern': 'duke.edu', 'institution': 'Duke University', 'search_hint': 'Predictably Irrational: The Hidden Forces That Shape Our Dec filetype:pdf site:duke.edu'}, 'personal': {'url': 'https://danariely.com/resources/academic-papers/', 'site_pattern': 'danariely.com', 'search_hint': 'Predictably Irrational: The Hidden Forces That Shape Our Dec filetype:pdf site:danariely.com'}}","['https://api.unpaywall.org/v2/10.1093/acprof:oso/9780195305930.001.0001?email=research@fehradvice.com', 'https://doi.org/10.1093/acprof:oso/9780195305930.001.0001']"
50,PAP-camerer2004neuroeconomics,camerer2004neuroeconomics,Neuroeconomics: Why Economics Needs Brains,Camerer,2004,null,,L2,I3,0.2138,False,258,True,2,505.7,UPLOAD_FULLTEXT,"{'name': 'Colin Camerer', 'department': {'url': 'https://www.hss.caltech.edu/content/colin-f-camerer', 'site_pattern': 'caltech.edu', 'institution': 'Caltech', 'search_hint': 'Neuroeconomics: Why Economics Needs Brains filetype:pdf site:caltech.edu'}, 'personal': None}","['https://api.unpaywall.org/v2/null?email=research@fehradvice.com', 'https://doi.org/null']"
51,PAP-fehr2013review,fehr2013review,Review of Two Decades of Behavioral Research,Fehr,2013,null,,L2,I3,0.214,False,68,True,2,505.7,UPLOAD_FULLTEXT,"{'name': 'Ernst Fehr', 'department': {'url': 'https://www.econ.uzh.ch/en/people/faculty/fehr/publications.html', 'site_pattern': 'econ.uzh.ch', 'institution': 'University of Zurich', 'search_hint': 'Review of Two Decades of Behavioral Research filetype:pdf site:econ.uzh.ch'}, 'personal': None}","['https://api.unpaywall.org/v2/null?email=research@fehradvice.com', 'https://doi.org/null']"
52,PAP-thaler1980toward,thaler1980toward,Toward a Positive Theory of Consumer Choice,Thaler,1980,10.1016/0167-2681(80)90051-7,,L2,I3,0.2138,False,71,True,2,505.7,UPLOAD_FULLTEXT,"{'name': 'Richard Thaler', 'department': {'url': 'https://faculty.chicagobooth.edu/richard-thaler/research', 'site_pattern': 'chicagobooth.edu', 'institution': 'Chicago Booth', 'search_hint': 'Toward a Positive Theory of Consumer Choice filetype:pdf site:chicagobooth.edu'}, 'personal': None}","['https://api.unpaywall.org/v2/10.1016/0167-2681(80)90051-7?email=research@fehradvice.com', 'https://doi.org/10.1016/0167-2681(80)90051-7']"
53,PAP-kahneman1988frame,kahneman1988frame,Frame Dependence in Decision-Making,Kahneman,1988,null,,L2,I3,0.2099,False,170,True,1,505.5,UPLOAD_FULLTEXT,"{'name': 'Daniel Kahneman', 'department': {'url': 'https://scholar.princeton.edu/kahneman/publications', 'site_pattern': 'princeton.edu', 'institution': 'Princeton University', 'search_hint': 'Frame Dependence in Decision-Making filetype:pdf site:princeton.edu'}, 'personal': None}","['https://api.unpaywall.org/v2/null?email=research@fehradvice.com', 'https://doi.org/null']"
54,PAP-fehr2008effort,fehr2008effort,Behavioral Economics of Work,Fehr,2008,null,,L2,I3,0.2019,False,30,True,2,505.1,UPLOAD_FULLTEXT,"{'name': 'Ernst Fehr', 'department': {'url': 'https://www.econ.uzh.ch/en/people/faculty/fehr/publications.html', 'site_pattern': 'econ.uzh.ch', 'institution': 'University of Zurich', 'search_hint': 'Behavioral Economics of Work filetype:pdf site:econ.uzh.ch'}, 'personal': None}","['https://api.unpaywall.org/v2/null?email=research@fehradvice.com', 'https://doi.org/null']"
55,PAP-kahneman1999intuitive,kahneman1999intuitive,Intuitive Prediction: Biases and Corrective Procedures,Kahneman,1999,null,,L2,I3,0.2019,False,230,True,1,505.1,UPLOAD_FULLTEXT,"{'name': 'Daniel Kahneman', 'department': {'url': 'https://scholar.princeton.edu/kahneman/publications', 'site_pattern': 'princeton.edu', 'institution': 'Princeton University', 'search_hint': 'Intuitive Prediction: Biases and Corrective Procedures filetype:pdf site:princeton.edu'}, 'personal': None}","['https://api.unpaywall.org/v2/null?email=research@fehradvice.com', 'https://doi.org/null']"
56,PAP-fehr1996voluntary,fehr1996voluntary,Voluntary Provision of a Public Good,Fehr,1996,null,,L2,I3,0.1983,False,21,True,3,504.9,UPLOAD_FULLTEXT,"{'name': 'Ernst Fehr', 'department': {'url': 'https://www.econ.uzh.ch/en/people/faculty/fehr/publications.html', 'site_pattern': 'econ.uzh.ch', 'institution': 'University of Zurich', 'search_hint': 'Voluntary Provision of a Public Good filetype:pdf site:econ.uzh.ch'}, 'personal': None}","['https://api.unpaywall.org/v2/null?email=research@fehradvice.com', 'https://doi.org/null']"
57,PAP-fehr2011punishment,fehr2011punishment,The Evolution of Costly Punishment,Fehr,2011,null,,L2,I3,0.1942,False,84,True,2,504.7,UPLOAD_FULLTEXT,"{'name': 'Ernst Fehr', 'department': {'url': 'https://www.econ.uzh.ch/en/people/faculty/fehr/publications.html', 'site_pattern': 'econ.uzh.ch', 'institution': 'University of Zurich', 'search_hint': 'The Evolution of Costly Punishment filetype:pdf site:econ.uzh.ch'}, 'personal': None}","['https://api.unpaywall.org/v2/null?email=research@fehradvice.com', 'https://doi.org/null']"
58,PAP-ainslie2001breakdown,ainslie2001breakdown,Breakdown of Will,Ainslie,2001,10.1017/CBO9781139173025,,L2,I3,0.1872,False,151,False,1,504.4,UPLOAD_FULLTEXT,,"['https://api.unpaywall.org/v2/10.1017/CBO9781139173025?email=research@fehradvice.com', 'https://doi.org/10.1017/CBO9781139173025']"
59,PAP-kahneman1999illusion,kahneman1999illusion,The Illusion of Understanding: Does Exposure Create Affinity...,Kahneman,1999,null,,L2,I3,0.1862,False,68,True,1,504.3,UPLOAD_FULLTEXT,"{'name': 'Daniel Kahneman', 'department': {'url': 'https://scholar.princeton.edu/kahneman/publications', 'site_pattern': 'princeton.edu', 'institution': 'Princeton University', 'search_hint': 'The Illusion of Understanding: Does Exposure Create Affinity filetype:pdf site:princeton.edu'}, 'personal': None}","['https://api.unpaywall.org/v2/null?email=research@fehradvice.com', 'https://doi.org/null']"
60,PAP-malmendier2009experiment,malmendier2009experiment,Testing Rational Expectations and Estimating Market Efficiency,Malmendier,2009,,,L2,I3,0.4812,False,40,True,1,504.1,FIND_DOI;UPLOAD_FULLTEXT,"{'name': 'Ulrike Malmendier', 'department': {'url': 'https://eml.berkeley.edu/~ulrike/research.html', 'site_pattern': 'berkeley.edu', 'institution': 'UC Berkeley', 'search_hint': 'Testing Rational Expectations and Estimating Market Efficien filetype:pdf site:berkeley.edu'}, 'personal': None}",[]
61,PAP-fehr1993reciprocity,fehr1993reciprocity,Does Fairness Prevent Market Clearing? An Experimental Inves...,Fehr,1993,,,L2,I3,0.4441,False,84,True,4,502.2,FIND_DOI;UPLOAD_FULLTEXT,"{'name': 'Ernst Fehr', 'department': {'url': 'https://www.econ.uzh.ch/en/people/faculty/fehr/publications.html', 'site_pattern': 'econ.uzh.ch', 'institution': 'University of Zurich', 'search_hint': 'Does Fairness Prevent Market Clearing? An Experimental Inves filetype:pdf site:econ.uzh.ch'}, 'personal': None}",[]
62,PAP-camerer2016risk,camerer2016risk,[Title for camerer2016risk],,2016,,,L2,I3,0.3512,False,204,True,3,497.6,FIND_DOI;UPLOAD_FULLTEXT,"{'name': 'Colin Camerer', 'department': {'url': 'https://www.hss.caltech.edu/content/colin-f-camerer', 'site_pattern': 'caltech.edu', 'institution': 'Caltech', 'search_hint': '[Title for camerer2016risk] filetype:pdf site:caltech.edu'}, 'personal': None}",[]
63,PAP-fehr2007motivation,fehr2007motivation,[Title for fehr2007motivation],,2007,,,L2,I3,0.3316,False,179,True,3,496.6,FIND_DOI;UPLOAD_FULLTEXT,"{'name': 'Ernst Fehr', 'department': {'url': 'https://www.econ.uzh.ch/en/people/faculty/fehr/publications.html', 'site_pattern': 'econ.uzh.ch', 'institution': 'University of Zurich', 'search_hint': '[Title for fehr2007motivation] filetype:pdf site:econ.uzh.ch'}, 'personal': None}",[]
64,PAP-thaler2011mental,thaler2011mental,Mental Accounting and Debt,Thaler,2011,,,L2,I3,0.2981,False,204,True,2,494.9,FIND_DOI;UPLOAD_FULLTEXT,"{'name': 'Richard Thaler', 'department': {'url': 'https://faculty.chicagobooth.edu/richard-thaler/research', 'site_pattern': 'chicagobooth.edu', 'institution': 'Chicago Booth', 'search_hint': 'Mental Accounting and Debt filetype:pdf site:chicagobooth.edu'}, 'personal': None}",[]
65,PAP-rabin1993incorporating,rabin1993incorporating,Incorporating Fairness into Game Theory and Economics,Rabin,1993,,,L2,I3,0.2672,False,84,True,2,493.4,FIND_DOI;UPLOAD_FULLTEXT,"{'name': 'Matthew Rabin', 'department': {'url': 'https://scholar.harvard.edu/rabin/publications', 'site_pattern': 'harvard.edu', 'institution': 'Harvard University', 'search_hint': 'Incorporating Fairness into Game Theory and Economics filetype:pdf site:harvard.edu'}, 'personal': None}",[]
66,PAP-camerer2015ultimatum,camerer2015ultimatum,[Title for camerer2015ultimatum],,2015,,,L2,I3,0.2429,False,84,True,3,492.1,FIND_DOI;UPLOAD_FULLTEXT,"{'name': 'Colin Camerer', 'department': {'url': 'https://www.hss.caltech.edu/content/colin-f-camerer', 'site_pattern': 'caltech.edu', 'institution': 'Caltech', 'search_hint': '[Title for camerer2015ultimatum] filetype:pdf site:caltech.edu'}, 'personal': None}",[]
67,PAP-camerer2013social,camerer2013social,"Neuroeconomics: Decisions, Uncertainty, and the Brain",Camerer,2013,10.1038/s41562-018-0399-z,,L2,I3,0.4201,False,15,True,3,491.0,UPLOAD_FULLTEXT,"{'name': 'Colin Camerer', 'department': {'url': 'https://www.hss.caltech.edu/content/colin-f-camerer', 'site_pattern': 'caltech.edu', 'institution': 'Caltech', 'search_hint': 'Neuroeconomics: Decisions, Uncertainty, and the Brain filetype:pdf site:caltech.edu'}, 'personal': None}","['https://api.unpaywall.org/v2/10.1038/s41562-018-0399-z?email=research@fehradvice.com', 'https://doi.org/10.1038/s41562-018-0399-z']"
68,PAP-roth2008market,roth2008market,[Title for roth2008market],,2008,,,L2,I3,0.2176,False,176,True,1,490.9,FIND_DOI;UPLOAD_FULLTEXT,"{'name': 'Alvin Roth', 'department': {'url': 'https://web.stanford.edu/~alroth/papers.html', 'site_pattern': 'stanford.edu', 'institution': 'Stanford University', 'search_hint': '[Title for roth2008market] filetype:pdf site:stanford.edu'}, 'personal': None}",[]
69,PAP-malmendier2010prices,malmendier2010prices,Valuing Behavioral Factors in the Market for Equity Securities,Malmendier,2010,,,L2,I3,0.2058,False,40,True,1,490.3,FIND_DOI;UPLOAD_FULLTEXT,"{'name': 'Ulrike Malmendier', 'department': {'url': 'https://eml.berkeley.edu/~ulrike/research.html', 'site_pattern': 'berkeley.edu', 'institution': 'UC Berkeley', 'search_hint': 'Valuing Behavioral Factors in the Market for Equity Securiti filetype:pdf site:berkeley.edu'}, 'personal': None}",[]
70,PAP-malmendier2016stock,malmendier2016stock,The,Malmendier,2016,,,L2,I3,0.2058,False,40,True,1,490.3,FIND_DOI;UPLOAD_FULLTEXT,"{'name': 'Ulrike Malmendier', 'department': {'url': 'https://eml.berkeley.edu/~ulrike/research.html', 'site_pattern': 'berkeley.edu', 'institution': 'UC Berkeley', 'search_hint': 'The filetype:pdf site:berkeley.edu'}, 'personal': None}",[]
71,PAP-berg1995trust,berg1995trust,"Trust, Reciprocity, and Social History",Berg,1995,10.1006/game.1995.1027,,L2,I3,0.3553,False,15,True,2,487.8,UPLOAD_FULLTEXT,,"['https://api.unpaywall.org/v2/10.1006/game.1995.1027?email=research@fehradvice.com', 'https://doi.org/10.1006/game.1995.1027']"
72,PAP-ariely2009honestly,ariely2009honestly,The Honest Truth About Dishonesty,Ariely,2009,10.1509/jmkr.45.6.633,,L2,I3,0.3401,False,15,True,2,487.0,UPLOAD_FULLTEXT,"{'name': 'Dan Ariely', 'department': {'url': 'https://faculty.fuqua.duke.edu/~dandan/', 'site_pattern': 'duke.edu', 'institution': 'Duke University', 'search_hint': 'The Honest Truth About Dishonesty filetype:pdf site:duke.edu'}, 'personal': {'url': 'https://danariely.com/resources/academic-papers/', 'site_pattern': 'danariely.com', 'search_hint': 'The Honest Truth About Dishonesty filetype:pdf site:danariely.com'}}","['https://api.unpaywall.org/v2/10.1509/jmkr.45.6.633?email=research@fehradvice.com', 'https://doi.org/10.1509/jmkr.45.6.633']"
73,PAP-fehr2006moral,fehr2006moral,Moral Strength,Fehr,2006,null,,L2,I3,0.2099,False,16,True,2,485.5,UPLOAD_FULLTEXT,"{'name': 'Ernst Fehr', 'department': {'url': 'https://www.econ.uzh.ch/en/people/faculty/fehr/publications.html', 'site_pattern': 'econ.uzh.ch', 'institution': 'University of Zurich', 'search_hint': 'Moral Strength filetype:pdf site:econ.uzh.ch'}, 'personal': None}","['https://api.unpaywall.org/v2/null?email=research@fehradvice.com', 'https://doi.org/null']"
74,PAP-fehr2007reciprocity,fehr2007reciprocity,How Effective is Trust-Based Management?,Fehr,2007,null,,L2,I3,0.214,False,15,True,3,480.7,UPLOAD_FULLTEXT,"{'name': 'Ernst Fehr', 'department': {'url': 'https://www.econ.uzh.ch/en/people/faculty/fehr/publications.html', 'site_pattern': 'econ.uzh.ch', 'institution': 'University of Zurich', 'search_hint': 'How Effective is Trust-Based Management? filetype:pdf site:econ.uzh.ch'}, 'personal': None}","['https://api.unpaywall.org/v2/null?email=research@fehradvice.com', 'https://doi.org/null']"
75,PAP-camerer1989empirical,camerer1989empirical,An Experimental Test of Several Proposed Bid Shading Models ...,Camerer,1989,null,,L2,I3,0.4294,False,12,True,2,476.5,UPLOAD_FULLTEXT,"{'name': 'Colin Camerer', 'department': {'url': 'https://www.hss.caltech.edu/content/colin-f-camerer', 'site_pattern': 'caltech.edu', 'institution': 'Caltech', 'search_hint': 'An Experimental Test of Several Proposed Bid Shading Models  filetype:pdf site:caltech.edu'}, 'personal': None}","['https://api.unpaywall.org/v2/null?email=research@fehradvice.com', 'https://doi.org/null']"
76,PAP-loewenstein2013visceral,loewenstein2013visceral,Visceral States and Behavior,Loewenstein,2013,null,,L2,I3,0.5204,False,11,True,2,476.0,UPLOAD_FULLTEXT,"{'name': 'George Loewenstein', 'department': {'url': 'https://www.cmu.edu/dietrich/sds/people/faculty/george-loewenstein.html', 'site_pattern': 'cmu.edu', 'institution': 'Carnegie Mellon', 'search_hint': 'Visceral States and Behavior filetype:pdf site:cmu.edu'}, 'personal': None}","['https://api.unpaywall.org/v2/null?email=research@fehradvice.com', 'https://doi.org/null']"
77,PAP-fehr1993early,fehr1993early,Does Fairness Prevent Market Clearing?,Fehr,1993,null,,L2,I3,0.4392,False,11,True,3,472.0,UPLOAD_FULLTEXT,"{'name': 'Ernst Fehr', 'department': {'url': 'https://www.econ.uzh.ch/en/people/faculty/fehr/publications.html', 'site_pattern': 'econ.uzh.ch', 'institution': 'University of Zurich', 'search_hint': 'Does Fairness Prevent Market Clearing? filetype:pdf site:econ.uzh.ch'}, 'personal': None}","['https://api.unpaywall.org/v2/null?email=research@fehradvice.com', 'https://doi.org/null']"
78,PAP-allcott2011social,allcott2011social,[Title for allcott2011social],,2011,10.1016/j.jpubeco.2011.03.003,,L2,I3,0.3115,False,12,True,2,470.6,UPLOAD_FULLTEXT,"{'name': 'Hunt Allcott', 'department': {'url': 'https://www.microsoft.com/en-us/research/people/hallcott/', 'site_pattern': 'microsoft.com', 'institution': 'Microsoft Research', 'search_hint': '[Title for allcott2011social] filetype:pdf site:microsoft.com'}, 'personal': {'url': 'https://huntallcott.com/research/', 'site_pattern': 'huntallcott.com', 'search_hint': '[Title for allcott2011social] filetype:pdf site:huntallcott.com'}}","['https://api.unpaywall.org/v2/10.1016/j.jpubeco.2011.03.003?email=research@fehradvice.com', 'https://doi.org/10.1016/j.jpubeco.2011.03.003']"
79,PAP-ariely2007expensive,ariely2007expensive,An Expensive Placebo: The Performance Degradation Effect,Ariely,2007,null,,L2,I3,0.4049,False,11,True,2,470.2,UPLOAD_FULLTEXT,"{'name': 'Dan Ariely', 'department': {'url': 'https://faculty.fuqua.duke.edu/~dandan/', 'site_pattern': 'duke.edu', 'institution': 'Duke University', 'search_hint': 'An Expensive Placebo: The Performance Degradation Effect filetype:pdf site:duke.edu'}, 'personal': {'url': 'https://danariely.com/resources/academic-papers/', 'site_pattern': 'danariely.com', 'search_hint': 'An Expensive Placebo: The Performance Degradation Effect filetype:pdf site:danariely.com'}}","['https://api.unpaywall.org/v2/null?email=research@fehradvice.com', 'https://doi.org/null']"
80,PAP-schultz2007normative,schultz2007normative,"The Constructive, Destructive, and Reconstructive Power of S...",Schultz,2007,10.1111/j.1467-9280.2007.01917.x,,L2,I3,0.4492,False,8,True,1,457.5,UPLOAD_FULLTEXT,"{'name': 'P. Wesley Schultz', 'department': {'url': 'https://schultzlab.sites.claremont.edu/publications/', 'site_pattern': 'claremont.edu', 'institution': 'Claremont Graduate University', 'search_hint': 'The Constructive, Destructive, and Reconstructive Power of S filetype:pdf site:claremont.edu'}, 'personal': None}","['https://api.unpaywall.org/v2/10.1111/j.1467-9280.2007.01917.x?email=research@fehradvice.com', 'https://doi.org/10.1111/j.1467-9280.2007.01917.x']"
81,PAP-sutter2010carrot,sutter2010carrot,Choosing the Carrot or the Stick? Endogenous Institutional Choice in Social Dilemma Situations,Sutter,2010,10.1111/j.1467-937X.2010.00608.x,,L2,I3,0.8948,False,3,True,7,454.7,UPLOAD_FULLTEXT,"{'name': 'Matthias Sutter', 'department': {'url': 'https://www.coll.mpg.de/matthias-sutter', 'site_pattern': 'mpg.de', 'institution': 'Max Planck Institute Bonn', 'search_hint': 'Choosing the Carrot or the Stick? Endogenous Institutional C filetype:pdf site:mpg.de'}, 'personal': None}","['https://api.unpaywall.org/v2/10.1111/j.1467-937X.2010.00608.x?email=research@fehradvice.com', 'https://doi.org/10.1111/j.1467-937X.2010.00608.x']"
82,PAP-aslund2024asylum,aslund2024asylum,Limbo or Leverage? Asylum Waiting and Refugee Integration,Åslund,2024,10.1016/j.jpubeco.2024.105075,,L2,I3,0.8902,False,3,True,7,454.5,UPLOAD_FULLTEXT,,"['https://api.unpaywall.org/v2/10.1016/j.jpubeco.2024.105075?email=research@fehradvice.com', 'https://doi.org/10.1016/j.jpubeco.2024.105075']"
83,PAP-balafoutas2018gendergap,balafoutas2018gendergap,Closing the Gender Gap in Competitiveness Through Priming,Balafoutas,2018,10.1038/s41467-018-06896-6,,L2,I3,0.8899,False,3,True,9,454.5,UPLOAD_FULLTEXT,"{'name': 'Loukas Balafoutas', 'department': {'url': 'https://www.uibk.ac.at/economics/personal/balafoutas/', 'site_pattern': 'uibk.ac.at', 'institution': 'University of Innsbruck', 'search_hint': 'Closing the Gender Gap in Competitiveness Through Priming filetype:pdf site:uibk.ac.at'}, 'personal': None}","['https://api.unpaywall.org/v2/10.1038/s41467-018-06896-6?email=research@fehradvice.com', 'https://doi.org/10.1038/s41467-018-06896-6']"
84,PAP-braghieri2022socialmedia,braghieri2022socialmedia,Social Media and Mental Health,"Braghieri, Luca",2022,10.1257/aer.20211218,American Economic Review,L2,I3,0.8899,False,3,True,8,454.5,UPLOAD_FULLTEXT,"{'name': 'Luca Braghieri', 'department': {'url': 'https://www.bocconi.eu/', 'site_pattern': 'bocconi.eu', 'institution': 'Bocconi University', 'search_hint': 'Social Media and Mental Health filetype:pdf site:bocconi.eu'}, 'personal': {'url': 'https://www.lucabraghieri.com/research', 'site_pattern': 'lucabraghieri.com', 'search_hint': 'Social Media and Mental Health filetype:pdf site:lucabraghieri.com'}}","['https://api.unpaywall.org/v2/10.1257/aer.20211218?email=research@fehradvice.com', 'https://doi.org/10.1257/aer.20211218']"
85,PAP-malmendier2018behavioral,malmendier2018behavioral,Behavioral Corporate Finance,Ulrike Malmendier,2018,10.1016/bs.hesbe.2018.07.001,,L2,I3,0.8897,True,3,True,9,454.5,UPGRADE_TO_L3,"{'name': 'Ulrike Malmendier', 'department': {'url': 'https://eml.berkeley.edu/~ulrike/research.html', 'site_pattern': 'berkeley.edu', 'institution': 'UC Berkeley', 'search_hint': 'Behavioral Corporate Finance filetype:pdf site:berkeley.edu'}, 'personal': None}","['https://api.unpaywall.org/v2/10.1016/bs.hesbe.2018.07.001?email=research@fehradvice.com', 'https://doi.org/10.1016/bs.hesbe.2018.07.001']"
86,PAP-sutter2016genderpolicy,sutter2016genderpolicy,Cancelling Out Early Age Gender Differences in Competition: An Analysis of Policy Interventions,Sutter,2016,10.1007/s10683-015-9447-y,,L2,I3,0.8902,False,3,True,8,454.5,UPLOAD_FULLTEXT,"{'name': 'Matthias Sutter', 'department': {'url': 'https://www.coll.mpg.de/matthias-sutter', 'site_pattern': 'mpg.de', 'institution': 'Max Planck Institute Bonn', 'search_hint': 'Cancelling Out Early Age Gender Differences in Competition:  filetype:pdf site:mpg.de'}, 'personal': None}","['https://api.unpaywall.org/v2/10.1007/s10683-015-9447-y?email=research@fehradvice.com', 'https://doi.org/10.1007/s10683-015-9447-y']"
87,PAP-balafoutas2012affirmative,balafoutas2012affirmative,Affirmative Action Policies Promote Women and Do Not Harm Efficiency in the Laboratory,Balafoutas,2012,10.1126/science.1211180,,L2,I3,0.885,False,3,True,8,454.2,UPLOAD_FULLTEXT,"{'name': 'Loukas Balafoutas', 'department': {'url': 'https://www.uibk.ac.at/economics/personal/balafoutas/', 'site_pattern': 'uibk.ac.at', 'institution': 'University of Innsbruck', 'search_hint': 'Affirmative Action Policies Promote Women and Do Not Harm Ef filetype:pdf site:uibk.ac.at'}, 'personal': None}","['https://api.unpaywall.org/v2/10.1126/science.1211180?email=research@fehradvice.com', 'https://doi.org/10.1126/science.1211180']"
88,PAP-east2023deportation,east2023deportation,The Labor Market Effects of Immigration Enforcement,East,2023,10.1086/722388,,L2,I3,0.8848,False,3,True,7,454.2,UPLOAD_FULLTEXT,,"['https://api.unpaywall.org/v2/10.1086/722388?email=research@fehradvice.com', 'https://doi.org/10.1086/722388']"
89,PAP-greiff2013cps,greiff2013cps,"Complex Problem Solving in Educational Contexts: Something Beyond g: Concept, Assessment, Measurement Invariance, and Construct Validity",Greiff,2013,10.1037/a0030473,,L2,I3,0.8848,False,3,True,5,454.2,UPLOAD_FULLTEXT,,"['https://api.unpaywall.org/v2/10.1037/a0030473?email=research@fehradvice.com', 'https://doi.org/10.1037/a0030473']"
90,PAP-kiviholma2026laborpolicies,kiviholma2026laborpolicies,Labor Policies and Immigrant Employment,Kiviholma,2026,10.1111/joes.70010,,L2,I3,0.885,False,3,True,7,454.2,UPLOAD_FULLTEXT,,"['https://api.unpaywall.org/v2/10.1111/joes.70010?email=research@fehradvice.com', 'https://doi.org/10.1111/joes.70010']"
91,PAP-mertens2022nudging,mertens2022nudging,The Effectiveness of Nudging: A Meta-Analysis of Choice Architecture Interventions across Behavioral Domains,"Mertens, Stephanie and Herberz, Mario an",2022,10.1073/pnas.2107346118,Proceedings of the National Academy of Sciences,L2,I3,0.8848,False,3,True,7,454.2,UPLOAD_FULLTEXT,"{'name': 'Stephanie Mertens', 'department': {'url': 'https://www.econ.uzh.ch/', 'site_pattern': 'uzh.ch', 'institution': 'University of Zurich', 'search_hint': 'The Effectiveness of Nudging: A Meta-Analysis of Choice Arch filetype:pdf site:uzh.ch'}, 'personal': {'url': 'https://www.stephaniemertens.com/research', 'site_pattern': 'stephaniemertens.com', 'search_hint': 'The Effectiveness of Nudging: A Meta-Analysis of Choice Arch filetype:pdf site:stephaniemertens.com'}}","['https://api.unpaywall.org/v2/10.1073/pnas.2107346118?email=research@fehradvice.com', 'https://doi.org/10.1073/pnas.2107346118']"
92,PAP-sutter2015gender,sutter2015gender,Gender Differences in the Willingness to Compete Emerge Early in Life and Persist,Sutter,2015,10.1287/mnsc.2014.1981,,L2,I3,0.885,False,3,True,8,454.2,UPLOAD_FULLTEXT,"{'name': 'Matthias Sutter', 'department': {'url': 'https://www.coll.mpg.de/matthias-sutter', 'site_pattern': 'mpg.de', 'institution': 'Max Planck Institute Bonn', 'search_hint': 'Gender Differences in the Willingness to Compete Emerge Earl filetype:pdf site:mpg.de'}, 'personal': None}","['https://api.unpaywall.org/v2/10.1287/mnsc.2014.1981?email=research@fehradvice.com', 'https://doi.org/10.1287/mnsc.2014.1981']"
93,PAP-agersnap2020welfare,agersnap2020welfare,The Welfare Magnet Hypothesis: Evidence from an Immigrant Welfare Scheme in Denmark,Agersnap,2020,10.1257/aeri.20190510,,L2,I3,0.8801,False,3,True,7,454.0,UPLOAD_FULLTEXT,,"['https://api.unpaywall.org/v2/10.1257/aeri.20190510?email=research@fehradvice.com', 'https://doi.org/10.1257/aeri.20190510']"
94,PAP-alrababah2024freemovement,alrababah2024freemovement,Free Movement and the Rise of Far-Right Parties,Alrababah,2024,10.1017/S0003055424000285,,L2,I3,0.8799,False,3,True,4,454.0,UPLOAD_FULLTEXT,,"['https://api.unpaywall.org/v2/10.1017/S0003055424000285?email=research@fehradvice.com', 'https://doi.org/10.1017/S0003055424000285']"
95,PAP-arendt2022work,arendt2022work,Labor Market Effects of a Work-First Policy for Refugees,Arendt,2022,10.1007/s00148-020-00808-z,,L2,I3,0.8801,False,3,True,7,454.0,UPLOAD_FULLTEXT,,"['https://api.unpaywall.org/v2/10.1007/s00148-020-00808-z?email=research@fehradvice.com', 'https://doi.org/10.1007/s00148-020-00808-z']"
96,PAP-chater2022iframe,chater2022iframe,The i-frame and the s-frame: How focusing on individual-level solutions has led behavioral public policy astray,"Nick Chater, George Loewenstein",2022,10.1017/S0140525X22002023,Behavioral and Brain Sciences,L2,I3,0.8801,True,3,True,9,454.0,UPGRADE_TO_L3,"{'name': 'George Loewenstein', 'department': {'url': 'https://www.cmu.edu/dietrich/sds/people/faculty/george-loewenstein.html', 'site_pattern': 'cmu.edu', 'institution': 'Carnegie Mellon', 'search_hint': 'The i-frame and the s-frame: How focusing on individual-leve filetype:pdf site:cmu.edu'}, 'personal': None}","['https://api.unpaywall.org/v2/10.1017/S0140525X22002023?email=research@fehradvice.com', 'https://doi.org/10.1017/S0140525X22002023']"
97,PAP-hai2025cigarette,hai2025cigarette,The Causal Effects of Youth Cigarette Addiction and Education,"Hai, Rong and Heckman, James J.",2025,10.1086/739828,Journal of Political Economy,L2,I3,0.8801,False,3,True,6,454.0,UPLOAD_FULLTEXT,"{'name': 'James Heckman', 'department': {'url': 'https://www.chicagobooth.edu/faculty/directory/h/james-j-heckman', 'site_pattern': 'uchicago.edu', 'institution': 'University of Chicago', 'search_hint': 'The Causal Effects of Youth Cigarette Addiction and Educatio filetype:pdf site:uchicago.edu'}, 'personal': {'url': 'https://heckmanequation.org/resource-library/', 'site_pattern': 'heckmanequation.org', 'search_hint': 'The Causal Effects of Youth Cigarette Addiction and Educatio filetype:pdf site:heckmanequation.org'}}","['https://api.unpaywall.org/v2/10.1086/739828?email=research@fehradvice.com', 'https://doi.org/10.1086/739828']"
98,PAP-loewenstein2009present,loewenstein2009present,[Title for loewenstein2009present],,2009,,,L1,I3,0.679,False,204,True,6,453.9,FIND_DOI;UPLOAD_FULLTEXT,"{'name': 'George Loewenstein', 'department': {'url': 'https://www.cmu.edu/dietrich/sds/people/faculty/george-loewenstein.html', 'site_pattern': 'cmu.edu', 'institution': 'Carnegie Mellon', 'search_hint': '[Title for loewenstein2009present] filetype:pdf site:cmu.edu'}, 'personal': None}",[]
99,PAP-acquisti2020secrets,acquisti2020secrets,Secrets and Likes: The Drive for Privacy and the Difficulty of Achieving It in the Digital Age,"Alessandro Acquisti, Laura Brandimarte, ",2020,10.1002/jcpy.1191,Journal of Consumer Psychology,L2,I3,0.8752,True,3,True,7,453.8,UPGRADE_TO_L3,"{'name': 'George Loewenstein', 'department': {'url': 'https://www.cmu.edu/dietrich/sds/people/faculty/george-loewenstein.html', 'site_pattern': 'cmu.edu', 'institution': 'Carnegie Mellon', 'search_hint': 'Secrets and Likes: The Drive for Privacy and the Difficulty  filetype:pdf site:cmu.edu'}, 'personal': None}","['https://api.unpaywall.org/v2/10.1002/jcpy.1191?email=research@fehradvice.com', 'https://doi.org/10.1002/jcpy.1191']"
100,PAP-andersen2024startaid,andersen2024startaid,Lowering Welfare Benefits: Intended and Unintended Consequences for Migrants and their Families,Andersen,2024,10.1257/pol.20210758,,L2,I3,0.875,False,3,True,8,453.8,UPLOAD_FULLTEXT,,"['https://api.unpaywall.org/v2/10.1257/pol.20210758?email=research@fehradvice.com', 'https://doi.org/10.1257/pol.20210758']"
