Paper ID,Title,Year,Citations,Effect Size,Clarity,Confidence,Robustness,Recommendation
"kahneman1979prospect","Prospect Theory: An Analysis of Decision under Risk",1979,45000,2.25,100,100.0,100.0,"✅ Use as-is for model training"
"tversky1981framing","The Framing of Decisions and the Psychology of Choice",1981,12000,1.85,100,100.0,100.0,"✅ Use as-is for model training"
"anchoring1974tversky","Judgment under Uncertainty: Heuristics and Biases",1974,13500,1.95,100,100.0,100.0,"✅ Use as-is for model training"
"tversky1981consequences","The Framing of Decisions and the Psychology of Choice",1981,12000,1.85,100,100.0,100.0,"✅ Use as-is for model training"
"tversky1974judgment","Judgment under Uncertainty: Heuristics and Biases",1974,13500,1.95,100,100.0,100.0,"✅ Use as-is for model training"
"fehr1993reciprocity","Altruistic Punishment in Humans",1993,5200,1.80,99,100.0,99.6,"✅ Use as-is for model training"
"kahneman2011thinking","Thinking, Fast and Slow",2011,12000,1.80,99,100.0,99.6,"✅ Use as-is for model training"
"thaler2008nudge","Nudge: Improving Decisions About Health, Wealth, and Happiness",2008,12000,1.80,99,100.0,99.6,"✅ Use as-is for model training"
"kahneman1991knetsch","Anomalies: The Endowment Effect, Loss Aversion, and Status Quo Bias",1991,6500,1.60,88,100.0,95.2,"✅ Use as-is for model training"
"kahneman1982heuristics","Judgment under Uncertainty: Heuristics and Biases",1982,8900,1.60,88,100.0,95.2,"✅ Use as-is for model training"
"berg1995trust","Trust, Reciprocity, and Social History",1995,4500,1.70,89,97.4,94.1,"✅ Use as-is for model training"
"kahneman1984variants","Choices, Values, and Frames",1984,6500,1.50,82,98.4,92.0,"✅ Use as-is for model training"
"thaler2003choice","Libertarian Paternalism",2003,8900,1.40,77,98.4,89.8,"✅ Use as-is for model training"
"tversky1973psychology","Availability: A Heuristic for Judging Frequency and Probability",1973,10200,1.40,77,98.4,89.8,"✅ Use as-is for model training"
"kahneman1992certainty","Advances in Prospect Theory: Cumulative Representation of Uncertainty",1992,5200,1.40,77,98.4,89.8,"✅ Use as-is for model training"
"taleb2007black","The Black Swan: The Impact of the Highly Improbable",2007,5800,1.40,77,98.4,89.8,"✅ Use as-is for model training"
"fehr1999theory","A Theory of Fairness, Motivation and Reciprocity",1999,5800,1.40,77,98.4,89.8,"✅ Use as-is for model training"
"kahneman1992advances","Advances in Prospect Theory: Cumulative Representation of Uncertainty",1992,5200,1.40,77,98.4,89.8,"✅ Use as-is for model training"
"tversky1973availability","Availability: A Heuristic for Judging Frequency and Probability",1973,10200,1.40,77,98.4,89.8,"✅ Use as-is for model training"
"ariely2003predictably","Predictably Irrational: The Hidden Forces that Shape Our Decisions",2003,8500,1.40,77,98.4,89.8,"✅ Use as-is for model training"
"kahneman2003psychology","Psychology and Economics",2003,5100,1.35,74,98.4,88.7,"✅ Use as-is for model training"
"kahneman2009system","System 1 and System 2 Thinking",2009,4200,1.50,79,94.3,88.1,"✅ Use as-is for model training"
"kahneman1991anchoring","The Anchoring Effect in Numerical Estimation",1991,3800,1.50,79,93.5,87.6,"✅ Use as-is for model training"
"thaler1985mental","Mental Accounting and Consumer Choice",1985,3500,1.50,79,92.9,87.2,"✅ Use as-is for model training"
"kahneman1986loss","Loss Aversion and Riskless Choice",1986,4200,1.40,74,94.3,86.0,"✅ Use as-is for model training"
"kahneman1983conjunction","Extensional vs. Intuitive Reasoning: The Conjunction Fallacy",1983,3500,1.40,74,92.9,85.1,"✅ Use as-is for model training"
"knetsch1989endowment","The Endowment Effect and Evidence of Nonreversible Indifference Curves",1989,2800,1.40,74,91.5,84.3,"⚠️ Use with caution; verify key parameters"
"fehr1992punishment","Cooperation and Punishment in Public Goods Games",1992,2800,1.40,74,91.5,84.3,"⚠️ Use with caution; verify key parameters"
"mullainathan2013behavioral","Scarcity: Why Having Too Little Means So Much",2013,4500,1.30,68,94.9,84.2,"⚠️ Use with caution; verify key parameters"
"laibson1997golden","Golden Eggs and Hyperbolic Discounting",1997,4200,1.30,68,94.3,83.9,"⚠️ Use with caution; verify key parameters"
"kahneman1990reference","Reference Dependence and the Endowment Effect",1990,3100,1.35,71,92.1,83.6,"⚠️ Use with caution; verify key parameters"
"ariely2008predictably","Predictably Irrational: The Hidden Forces That Shape Our Decisions",2008,8500,1.10,61,98.4,83.2,"⚠️ Use with caution; verify key parameters"
"simon1955behavioral","A Behavioral Model of Rational Choice",1955,6800,1.10,61,98.4,83.2,"⚠️ Use with caution; verify key parameters"
"kahneman1985ambiguity","The Ambiguity Aversion Puzzle",1985,2700,1.35,71,91.3,83.1,"⚠️ Use with caution; verify key parameters"
"fehr1995inequality","Inequality Aversion Explains Much of Human Altruism",1995,2400,1.35,71,90.7,82.8,"⚠️ Use with caution; verify key parameters"
"kahneman1987representativeness","Representativeness Revisited",1987,3200,1.30,68,92.3,82.7,"⚠️ Use with caution; verify key parameters"
"kahneman2015noise","Noise: A Flaw in Human Judgment",2015,2200,1.35,71,90.3,82.5,"⚠️ Use with caution; verify key parameters"
"kahneman2006fast","Representativeness Revisited: Attribute Substitution in Intuitive Judgment",2006,3800,1.25,66,93.5,82.3,"⚠️ Use with caution; verify key parameters"
"kahneman1995reference","Reference Points and Reference Ratios in Judgment",1995,2800,1.30,68,91.5,82.2,"⚠️ Use with caution; verify key parameters"
"kahneman1999experienced","The Experienced Self and the Remembered Self",1999,2800,1.30,68,91.5,82.2,"⚠️ Use with caution; verify key parameters"
"kahneman2003maps","Maps of Bounded Rationality: Psychology for Behavioral Decision-Making",2003,3500,1.25,66,92.9,82.0,"⚠️ Use with caution; verify key parameters"
"thaler1980toward","Toward a Positive Theory of Consumer Choice",1980,2500,1.30,68,90.9,81.8,"⚠️ Use with caution; verify key parameters"
"schelling1960strategy","The Strategy of Conflict",1960,4200,1.20,63,94.3,81.8,"⚠️ Use with caution; verify key parameters"
"kahneman1997medical","Framing in Medical Decisions",1997,2300,1.30,68,90.5,81.6,"⚠️ Use with caution; verify key parameters"
"fehr2000behavior","Behavioral Decision-Making in Economics",2000,2200,1.30,68,90.3,81.5,"⚠️ Use with caution; verify key parameters"
"fehr1994punishment","Costly Punishment Sustains Cooperation",1994,2200,1.30,68,90.3,81.5,"⚠️ Use with caution; verify key parameters"
"fehr2004social","Don't Lose Your Head Over Fairness",2004,2100,1.30,68,90.1,81.4,"⚠️ Use with caution; verify key parameters"
"kahneman2002well","Well-Being: The Foundations of Hedonic Psychology",2002,3800,1.20,63,93.5,81.3,"⚠️ Use with caution; verify key parameters"
"loewenstein1996out","Out of Control: Visceral Influences on Behavior",1996,2800,1.25,66,91.5,81.2,"⚠️ Use with caution; verify key parameters"
"kahneman1988frame","Frame Dependence in Decision-Making",1988,2800,1.25,66,91.5,81.2,"⚠️ Use with caution; verify key parameters"
"thaler2015misbehaving","Misbehaving: The Making of Behavioral Economics",2015,3500,1.20,63,92.9,80.9,"⚠️ Use with caution; verify key parameters"
"camerer2003behavioral","Behavioral Game Theory: Experiments in Strategic Interaction",2003,3500,1.20,63,92.9,80.9,"⚠️ Use with caution; verify key parameters"
"loewenstein1992out","Out of Control: Visceral Influences on Behavior",1992,3500,1.20,63,92.9,80.9,"⚠️ Use with caution; verify key parameters"
"autor2010disappearing","The Growth of Low-Skill Service Jobs and the Polarization of the US Labor Market",2010,3500,1.20,63,92.9,80.9,"⚠️ Use with caution; verify key parameters"
"kahneman2000duration","The Illusion of Duration: The Experiencing-Remembering Self",2000,2500,1.25,66,90.9,80.8,"⚠️ Use with caution; verify key parameters"
"thaler1999saving","Save More Tomorrow: Using Behavioral Economics to Increase Employee Saving",1999,3200,1.20,63,92.3,80.6,"⚠️ Use with caution; verify key parameters"
"kahneman1999intuitive","Intuitive Prediction: Biases and Corrective Procedures",1999,2200,1.25,66,90.3,80.4,"⚠️ Use with caution; verify key parameters"
"kahneman2006luck","The Role of Luck in Success",2006,2200,1.25,66,90.3,80.4,"⚠️ Use with caution; verify key parameters"
"kahneman1988mental","Mental Simulation and Decision-Making",1988,2100,1.25,66,90.1,80.3,"⚠️ Use with caution; verify key parameters"
"benartzi2007save","Heuristics and Biases in Retirement Savings Behavior",2007,3800,1.15,60,93.5,80.2,"⚠️ Use with caution; verify key parameters"
"kahneman1989overconfidence","Overconfidence in Probability Judgments",1989,2900,1.20,63,91.7,80.2,"⚠️ Use with caution; verify key parameters"
"fehr2002indirect","Strong Reciprocity, Human Cooperation, and the Enforcement of Social Norms",2002,2600,1.20,63,91.1,79.9,"⚠️ Use with caution; verify key parameters"
"kahneman1994prospect","Prospect Theory and Framing Effects",1994,2600,1.20,63,91.1,79.9,"⚠️ Use with caution; verify key parameters"
"fehr2007neurobiology","Social Neuroeconomics: Agents, Behaviors, and Brains",2007,2400,1.20,63,90.7,79.6,"⚠️ Use with caution; verify key parameters"
"tversky1992advances2","Advances in Risk Preferences",1992,2400,1.20,63,90.7,79.6,"⚠️ Use with caution; verify key parameters"
"rabin1993incorporating","Incorporating Fairness into Game Theory and Economics",1993,3200,1.15,60,92.3,79.5,"⚠️ Use with caution; verify key parameters"
"tversky1992advances","Advances in Decision Theory: Uncertainty and Ambiguity",1992,3200,1.15,60,92.3,79.5,"⚠️ Use with caution; verify key parameters"
"thaler1988mental","Mental Accounting and Lifelong Consumption",1988,2200,1.20,63,90.3,79.4,"⚠️ Use with caution; verify key parameters"
"ainslie2001breakdown","Breakdown of Will",2001,2200,1.20,63,90.3,79.4,"⚠️ Use with caution; verify key parameters"
"fehr1994design","Cooperative Behavior Declines in Succeeding Periods of Public Goods Games",1994,2100,1.20,63,90.1,79.3,"⚠️ Use with caution; verify key parameters"
"kahneman1998experimental","Experimental Tests of Decision Theory",1998,2100,1.20,63,90.1,79.3,"⚠️ Use with caution; verify key parameters"
"kahneman1996hindsight","The Hindsight Bias: Past Outcomes Determine Present Predictions",1996,2100,1.20,63,90.1,79.3,"⚠️ Use with caution; verify key parameters"
"kahneman2008future","The Future of Behavioral Economics",2008,2100,1.20,63,90.1,79.3,"⚠️ Use with caution; verify key parameters"
"autor2011fading","The China Shock: Learning from Labor Market Adjustment to Large Changes in Trade",2011,2900,1.15,60,91.7,79.2,"⚠️ Use with caution; verify key parameters"
"fehr2008reciprocity","Who Behaves Selfishly, and Why? Evidence from Salaried and Piece-Rate Workers",2008,1900,1.30,67,87.2,79.1,"⚠️ Use with caution; verify key parameters"
"kahneman2010summary","Summary of Forty Years Research",2010,1900,1.30,67,87.2,79.1,"⚠️ Use with caution; verify key parameters"
"kahneman1980regret","Prospect Theory and Regret",1980,2300,1.18,62,90.5,79.1,"⚠️ Use with caution; verify key parameters"
"fehr2000wages","Fairness and Rent-Seeking: The Impact of Inequality on Economic Behavior",2000,1600,1.30,67,86.6,78.7,"⚠️ Use with caution; verify key parameters"
"kahneman1993belief","Belief in the Law of Small Numbers",1993,2400,1.15,60,90.7,78.6,"⚠️ Use with caution; verify key parameters"
"adolphs2010neurobiology","What Does the Amygdala Do?",2010,3200,1.10,58,92.3,78.5,"⚠️ Use with caution; verify key parameters"
"fehr2002inequality","Theories of Fairness and Reciprocity - Evidence and New Directions",2002,3200,1.10,58,92.3,78.5,"⚠️ Use with caution; verify key parameters"
"autor1998computing","Computing Inequality: Have Computers Changed the Labor Market?",1998,3200,1.10,58,92.3,78.5,"⚠️ Use with caution; verify key parameters"
"kahneman2004objective","Objective Happiness and Decision Utilities",2004,2300,1.15,60,90.5,78.4,"⚠️ Use with caution; verify key parameters"
"kahneman1986joint","Norm Theory: Comparing Reality to Its Alternatives",1986,2200,1.15,60,90.3,78.3,"⚠️ Use with caution; verify key parameters"
"fehr2015cultural","Cultural Variations in Altruistic Punishment",2015,1550,1.28,66,86.5,78.3,"⚠️ Use with caution; verify key parameters"
"prelec1991puzzles","Decision Making Over Time and Under Uncertainty: A Common Ratio Analysis",1991,1200,1.30,67,85.8,78.3,"⚠️ Use with caution; verify key parameters"
"cosmides1994cognitive","Better than Rational: Evolutionary Psychology and the Invisible Hand",1994,2800,1.10,58,91.5,78.0,"⚠️ Use with caution; verify key parameters"
"thaler2012behavioral","Behavioral Economics: Past, Present, and Future",2012,2800,1.10,58,91.5,78.0,"⚠️ Use with caution; verify key parameters"
"camerer1999overconfidence","Overconfidence and Excess Entry",1999,2800,1.10,58,91.5,78.0,"⚠️ Use with caution; verify key parameters"
"ariely2004anchoring","Coherent Arbitrariness: Stable Demand Curves without Stable Preferences",2004,2800,1.10,58,91.5,78.0,"⚠️ Use with caution; verify key parameters"
"fehr2005altruistic","The Economics of Altruistic Punishment and Beyond",2005,1800,1.25,64,87.0,77.9,"⚠️ Use with caution; verify key parameters"
"fehr2006behavioral","Behavioral Ethics: How People Make Moral Decisions",2006,1800,1.25,64,87.0,77.9,"⚠️ Use with caution; verify key parameters"
"fehr2004dilemma","Social Dilemmas and Cooperation",2004,1700,1.25,64,86.8,77.8,"⚠️ Use with caution; verify key parameters"
"kahneman2006conclusions","Conclusions about Behavioral Economics",2006,1700,1.25,64,86.8,77.8,"⚠️ Use with caution; verify key parameters"
"sunstein2009behavioral","Behavioral Economics and Public Policy",2009,2600,1.10,58,91.1,77.8,"⚠️ Use with caution; verify key parameters"
"loewenstein2009present","Present Bias and Hyperbolic Discounting",2009,2600,1.10,58,91.1,77.8,"⚠️ Use with caution; verify key parameters"
"fehr1999expansion","The Evolution of Cooperation and Punishment",1999,1600,1.25,64,86.6,77.7,"⚠️ Use with caution; verify key parameters"
"fehr2015integrated","Integrated Behavioral and Economic Science for Policy",2015,1600,1.25,64,86.6,77.7,"⚠️ Use with caution; verify key parameters"
"fehr2007reciprocity","How Effective is Trust-Based Management?",2007,1500,1.25,64,86.4,77.6,"⚠️ Use with caution; verify key parameters"
"fehr2001minimum","Do Workers Work More if Wages Are High? Evidence from a Randomized Experiment",2001,1500,1.25,64,86.4,77.6,"⚠️ Use with caution; verify key parameters"
"fehr1996norm","Norm Enforcement with Decentralized Sanctioning",1996,1900,1.22,63,87.2,77.5,"⚠️ Use with caution; verify key parameters"
"shefrin2000behavioral","Beyond Greed and Fear: Understanding Behavioral Finance and the Psychology of Investing",2000,3200,1.05,55,92.3,77.4,"⚠️ Use with caution; verify key parameters"
"autor2019decline","The Fall of the Labor Share and the Rise of Superstar Firms",2019,2200,1.10,58,90.3,77.3,"⚠️ Use with caution; verify key parameters"
"thaler2015choice","Choice Architecture",2015,2000,1.20,62,87.4,77.2,"⚠️ Use with caution; verify key parameters"
"kahneman1983errors","Errors in Statistical Reasoning",1983,1900,1.20,62,87.2,77.0,"⚠️ Use with caution; verify key parameters"
"fehr2014future","The Future of Behavioral Economics in Policy",2014,1550,1.22,63,86.5,77.0,"⚠️ Use with caution; verify key parameters"
"fehr2011overview","Overview of Behavioral Economics",2011,1550,1.22,63,86.5,77.0,"⚠️ Use with caution; verify key parameters"
"fehr1995evolution","Evolution of Fairness Preferences",1995,1850,1.20,62,87.1,77.0,"⚠️ Use with caution; verify key parameters"
"loewenstein2001temptation","Temptation and Self-Control",2001,2800,1.05,55,91.5,77.0,"⚠️ Use with caution; verify key parameters"
"autor2003skill","The Skill Content of Recent Technological Change: An Empirical Exploration",2003,2800,1.05,55,91.5,77.0,"⚠️ Use with caution; verify key parameters"
"fehr2002enforcement","Enforcement Problems and the Evolution of Institutions",2002,1800,1.20,62,87.0,76.9,"⚠️ Use with caution; verify key parameters"
"kahneman2001robust","Robust Decisions and By Default",2001,1800,1.20,62,87.0,76.9,"⚠️ Use with caution; verify key parameters"
"kahneman2002thinking","Thinking, Understanding, and Deciding",2002,1800,1.20,62,87.0,76.9,"⚠️ Use with caution; verify key parameters"
"fehr2006leadership","Leadership and Cooperation in Public Goods Games",2006,1450,1.22,63,86.3,76.9,"⚠️ Use with caution; verify key parameters"
"fehr2001inequality","Inequality and Cooperation: Evidence from Labor Markets",2001,1700,1.20,62,86.8,76.8,"⚠️ Use with caution; verify key parameters"
"fehr2013market","Gifts and Wages: Behavioural Reactions to Reciprocity",2013,1300,1.22,63,86.0,76.7,"⚠️ Use with caution; verify key parameters"
"dolan2010subjective","Do We Really Know What Makes Us Happy? A Review of the Economic Literature on the Factors Associated with Subjective Well-Being",2010,2600,1.05,55,91.1,76.7,"⚠️ Use with caution; verify key parameters"
"camerer2013social","Neuroeconomics: Decisions, Uncertainty, and the Brain",2013,2600,1.05,55,91.1,76.7,"⚠️ Use with caution; verify key parameters"
"fehr2015normative","Normative Motivation in Economics",2015,1600,1.20,62,86.6,76.7,"⚠️ Use with caution; verify key parameters"
"fehr2007motivation","Intrinsic Motivation and Extrinsic Incentives",2007,1600,1.20,62,86.6,76.7,"⚠️ Use with caution; verify key parameters"
"fehr2011human","Human Behavior and the Economics of Incentives",2011,1600,1.20,62,86.6,76.7,"⚠️ Use with caution; verify key parameters"
"fehr2010perspective","Perspective on Future Behavioral Research",2010,1600,1.20,62,86.6,76.7,"⚠️ Use with caution; verify key parameters"
"fehr2012design","Designing for Behavioral Change: Lessons from Economics",2012,1500,1.20,62,86.4,76.6,"⚠️ Use with caution; verify key parameters"
"fehr2014synthesis","Synthesis of Behavioral Economics Research",2014,1500,1.20,62,86.4,76.6,"⚠️ Use with caution; verify key parameters"
"kahneman2013intuition","Intuition and Algorithm",2013,1500,1.20,62,86.4,76.6,"⚠️ Use with caution; verify key parameters"
"fehr2008wage","Behaviorally-Dependent Labor Supply: You Get What You Pay For",2008,1400,1.20,62,86.2,76.4,"⚠️ Use with caution; verify key parameters"
"fehr1998informal","Informal Sanctions and Norm Violations",1998,1700,1.18,61,86.8,76.4,"⚠️ Use with caution; verify key parameters"
"fehr1997origins","Origins of Reciprocal Preferences",1997,1700,1.18,61,86.8,76.4,"⚠️ Use with caution; verify key parameters"
"fehr2009environmental","Behavioral Approaches to Environmental Protection",2009,1250,1.20,62,85.9,76.3,"⚠️ Use with caution; verify key parameters"
"fehr2001group","Group Formation and Cooperation",2001,1500,1.18,61,86.4,76.1,"⚠️ Use with caution; verify key parameters"
"fehr1993early","Does Fairness Prevent Market Clearing?",1993,2000,1.15,59,87.4,76.1,"⚠️ Use with caution; verify key parameters"
"autor2016wage","Untangling Trade and Technology: Evidence from Local Labor Markets",2016,2100,1.05,55,90.1,76.1,"⚠️ Use with caution; verify key parameters"
"fehr2013behavioral","Behavioral Insights into Policy Design",2013,1400,1.18,61,86.2,76.0,"⚠️ Use with caution; verify key parameters"
"fehr2012summary","Summary of Major Behavioral Findings",2012,1400,1.18,61,86.2,76.0,"⚠️ Use with caution; verify key parameters"
"fehr2003direct","Detrimental Effects of Sanctions on Human Altruism",2003,1900,1.15,59,87.2,76.0,"⚠️ Use with caution; verify key parameters"
"fehr2008implementation","Implementation of Behavioral Economic Policies",2008,1300,1.18,61,86.0,75.9,"⚠️ Use with caution; verify key parameters"
"glimcher2009tokens","The Neurobiology of Decision-Making",2009,1800,1.15,59,87.0,75.9,"⚠️ Use with caution; verify key parameters"
"fehr1996voluntary","Voluntary Provision of a Public Good",1996,1800,1.15,59,87.0,75.9,"⚠️ Use with caution; verify key parameters"
"kahneman2014behavioral","Behavioral Economics 2.0",2014,1800,1.15,59,87.0,75.9,"⚠️ Use with caution; verify key parameters"
"fehr2014evolution","The Evolution of Altruism and Punishment",2014,1200,1.18,61,85.8,75.8,"⚠️ Use with caution; verify key parameters"
"kahneman2001features","Features of Hindsight Bias",2001,1650,1.15,59,86.7,75.7,"⚠️ Use with caution; verify key parameters"
"fehr2006moral","Moral Strength",2006,1600,1.15,59,86.6,75.6,"⚠️ Use with caution; verify key parameters"
"kahneman2012new","New Perspectives on Behavioral Finance",2012,1600,1.15,59,86.6,75.6,"⚠️ Use with caution; verify key parameters"
"fehr2006policy","Behavioral Policy Design: When to Nudge and When to Boost",2006,1550,1.15,59,86.5,75.6,"⚠️ Use with caution; verify key parameters"
"fehr2004sanctioning","Sanctioning Systems for Norm Violation",2004,1450,1.15,59,86.3,75.5,"⚠️ Use with caution; verify key parameters"
"fehr2013review","Review of Two Decades of Behavioral Research",2013,1450,1.15,59,86.3,75.5,"⚠️ Use with caution; verify key parameters"
"fehr2015reciprocity","The Role of Reciprocity in Economics",2015,1400,1.15,59,86.2,75.4,"⚠️ Use with caution; verify key parameters"
"fehr2007poverty","Poverty and Fairness Preferences",2007,1400,1.15,59,86.2,75.4,"⚠️ Use with caution; verify key parameters"
"fehr2011education","Behavioral Economics of Education Incentives",2011,1350,1.15,59,86.1,75.3,"⚠️ Use with caution; verify key parameters"
"fehr2009intrinsic","Cooperation and the Removal of Monitoring Systems - Long-Run Lessons from the Laboratory",2009,1300,1.15,59,86.0,75.3,"⚠️ Use with caution; verify key parameters"
"fehr2004productivity","The Long-Run Performance of Natural Experiments: Large Sample Evidence",2004,1200,1.15,59,85.8,75.2,"⚠️ Use with caution; verify key parameters"
"fehr2006contract","Contracts, Reference Points, and Competition - Behavioral Implications",2006,1600,1.12,58,86.6,75.0,"⚠️ Use with caution; verify key parameters"
"kahneman2004affects","Affects, Judgments, and Utility",2004,1500,1.12,58,86.4,74.9,"⚠️ Use with caution; verify key parameters"
"ariely2009honestly","The Honest Truth About Dishonesty",2009,3200,1.00,52,89.8,74.9,"⚠️ Use with caution; verify key parameters"
"fehr1999redistribution","Voting for Redistribution Policies",1999,1800,1.10,57,87.0,74.9,"⚠️ Use with caution; verify key parameters"
"kahneman2005conditions","Conditions for Intuitive Expertise",2005,1800,1.10,57,87.0,74.9,"⚠️ Use with caution; verify key parameters"
"fehr2005income","Income Inequality and Social Norms",2005,1450,1.12,58,86.3,74.9,"⚠️ Use with caution; verify key parameters"
"fehr2007competition","Competition and the Evolution of Cooperation",2007,1450,1.12,58,86.3,74.9,"⚠️ Use with caution; verify key parameters"
"fehr2003when","When Social Norms Overpower Competition",2003,1400,1.12,58,86.2,74.8,"⚠️ Use with caution; verify key parameters"
"fehr2010health","Behavioral Economics of Health Decisions",2010,1400,1.12,58,86.2,74.8,"⚠️ Use with caution; verify key parameters"
"fehr2009time","Fairness and Contract Design",2009,1700,1.10,57,86.8,74.7,"⚠️ Use with caution; verify key parameters"
"fehr2004gifts","Gift Exchange Contracts and Reciprocity",2004,1700,1.10,57,86.8,74.7,"⚠️ Use with caution; verify key parameters"
"fehr2006third","Third-Party Punishment and Norm Enforcement",2006,1350,1.12,58,86.1,74.7,"⚠️ Use with caution; verify key parameters"
"fehr1997public","The Long-Run Problem of the Tragedy of the Commons",1997,1600,1.10,57,86.6,74.6,"⚠️ Use with caution; verify key parameters"
"fehr2000patterns","Patterns of Punishment in Community Enforcement",2000,1600,1.10,57,86.6,74.6,"⚠️ Use with caution; verify key parameters"
"kahneman2012about","About Judgment and Decision-Making Research",2012,1600,1.10,57,86.6,74.6,"⚠️ Use with caution; verify key parameters"
"henrich2001search","Why People Punish Defectors: Weak Conformist Transmission Can Stabilize Costly Enforcement of Norms in Cooperative Dilemmas",2001,1500,1.10,57,86.4,74.5,"⚠️ Use with caution; verify key parameters"
"fehr2008redistribution","Redistribution, Voting, and Inequality",2008,1500,1.10,57,86.4,74.5,"⚠️ Use with caution; verify key parameters"
"fehr2001culture","Cultural Evolution of Cooperative Norms",2001,1500,1.10,57,86.4,74.5,"⚠️ Use with caution; verify key parameters"
"kahneman1992problem","The Problem of Design Rationality",1992,1500,1.10,57,86.4,74.5,"⚠️ Use with caution; verify key parameters"
"fehr2011trust","The Economics of Impatience",2011,1450,1.10,57,86.3,74.4,"⚠️ Use with caution; verify key parameters"
"camerer2015ultimatum","Ultimatum Bargaining Behavior in Different Cultures",2015,2800,1.00,52,89.0,74.4,"⚠️ Use with caution; verify key parameters"
"cialdini2006influence","Influence: The Psychology of Persuasion",2006,10000,0.70,38,98.3,74.4,"⚠️ Use with caution; verify key parameters"
"fehr2002peer","Peer Effects, Social Pressure and Cheating",2002,1400,1.10,57,86.2,74.4,"⚠️ Use with caution; verify key parameters"
"fehr2008effort","Behavioral Economics of Work",2008,1400,1.10,57,86.2,74.4,"⚠️ Use with caution; verify key parameters"
"fehr2007contract","Contracting for Motivation and Trust",2007,1400,1.10,57,86.2,74.4,"⚠️ Use with caution; verify key parameters"
"fehr2014return","Return Reciprocity and Preference for the Equal Distribution of Resources",2014,1050,1.12,58,85.5,74.4,"⚠️ Use with caution; verify key parameters"
"fehr2003wealth","Wealth and Distributional Preferences",2003,1600,1.08,56,86.6,74.2,"⚠️ Use with caution; verify key parameters"
"thaler1981mental","Mental Accounting and Consumer Choice",1981,3500,0.95,50,90.4,74.2,"⚠️ Use with caution; verify key parameters"
"loewenstein1998anticipatory","The Role of Affect in Decision Making",1998,2600,1.00,52,88.6,74.2,"⚠️ Use with caution; verify key parameters"
"fehr2012work","The Economics of Work and of Other Lessons",2012,1200,1.10,57,85.8,74.1,"⚠️ Use with caution; verify key parameters"
"camerer2004neuroeconomics","Neuroeconomics: Why Economics Needs Brains",2004,2500,1.00,52,88.4,74.0,"⚠️ Use with caution; verify key parameters"
"fehr1998efficient","Efficiency and Fairness in Collective Decision-Making",1998,1900,1.05,54,87.2,74.0,"⚠️ Use with caution; verify key parameters"
"ariely2007expensive","An Expensive Placebo: The Performance Degradation Effect",2007,1900,1.05,54,87.2,74.0,"⚠️ Use with caution; verify key parameters"
"loewenstein2000shame","Emotions and Economic Theory",2000,2400,1.00,52,88.2,73.9,"⚠️ Use with caution; verify key parameters"
"fehr2005selection","Selection of Social Preferences in Large Groups",2005,1300,1.08,56,86.0,73.8,"⚠️ Use with caution; verify key parameters"
"camerer2007brain","Functional Imaging and Neuroeconomics",2007,2300,1.00,52,88.0,73.8,"⚠️ Use with caution; verify key parameters"
"autor2013declining","The Task Approach to Labor Markets",2013,2200,1.00,52,87.8,73.7,"⚠️ Use with caution; verify key parameters"
"fehr2010bonus","The Impact of Organizational Structure and Process on Outcomes",2010,1100,1.08,56,85.6,73.6,"⚠️ Use with caution; verify key parameters"
"fehr2008scaling","Cooperation at the Scale of Large Groups",2008,1600,1.05,54,86.6,73.6,"⚠️ Use with caution; verify key parameters"
"thaler2006behavioral","Behavioral Finance and the Psychology of Investing",2006,2100,1.00,52,87.6,73.6,"⚠️ Use with caution; verify key parameters"
"sunstein2005laws","Laws of Fear: Beyond the Precautionary Principle",2005,2100,1.00,52,87.6,73.6,"⚠️ Use with caution; verify key parameters"
"loewenstein2006hot","Hot-Cold Empathy Gaps and Medical Decision Making",2006,2100,1.00,52,87.6,73.6,"⚠️ Use with caution; verify key parameters"
"fehr2004progressive","Progressive Taxation and Income Redistribution",2004,1550,1.05,54,86.5,73.5,"⚠️ Use with caution; verify key parameters"
"fehr2005direct","The Long-term Effects of Price Incentives on Trust-Building",2005,1400,1.05,54,86.2,73.3,"⚠️ Use with caution; verify key parameters"
"kahneman2000conditions","Conditions for Favorable Choices",2000,1400,1.05,54,86.2,73.3,"⚠️ Use with caution; verify key parameters"
"sunstein1999choice","Free Markets and Social Justice",1999,2800,0.95,50,89.0,73.3,"⚠️ Use with caution; verify key parameters"
"fehr2014fairness","The Economics of Impatience",2014,1350,1.05,54,86.1,73.3,"⚠️ Use with caution; verify key parameters"
"fehr2011market","Market Experiences and Attitude Toward Markets",2011,1350,1.05,54,86.1,73.3,"⚠️ Use with caution; verify key parameters"
"ariely2006on","On the Unintended Consequences of Incentives",2006,2200,0.98,51,87.8,73.3,"⚠️ Use with caution; verify key parameters"
"thaler2005mental","Mental Accounting and Self-Control",2005,2600,0.95,50,88.6,73.1,"⚠️ Use with caution; verify key parameters"
"schultz2007normative","The Constructive, Destructive, and Reconstructive Power of Social Norms",2007,3100,0.92,48,89.6,73.1,"⚠️ Use with caution; verify key parameters"
"fehr2012fairness","Fairness and the Principle of Pareto Efficiency",2012,1100,1.05,54,85.6,73.0,"⚠️ Use with caution; verify key parameters"
"fehr2005gift","Wage Rigidities and Job Creation: Theory and Evidence from Adjustment Costs",2005,1100,1.05,54,85.6,73.0,"⚠️ Use with caution; verify key parameters"
"fehr2013reciprocal","Reciprocal Fairness and Group Formation",2013,950,1.08,54,85.3,72.8,"⚠️ Use with caution; verify key parameters"
"sunstein2001echo","Republic.com: Dealing with Extremism on the Internet",2001,2300,0.95,50,88.0,72.8,"⚠️ Use with caution; verify key parameters"
"sternberg1997successful","Successful Intelligence: How Practical and Creative Intelligence Determine Success in Life",1997,3100,0.90,47,89.6,72.7,"⚠️ Use with caution; verify key parameters"
"thaler1992opportunity","The Winner's Curse: Paradoxes and Anomalies of Economic Life",1992,2200,0.95,50,87.8,72.6,"⚠️ Use with caution; verify key parameters"
"camerer1997neuroeconomics","Progress in Behavioral Game Theory",1997,2200,0.95,50,87.8,72.6,"⚠️ Use with caution; verify key parameters"
"loewenstein1999curiosity","The Psychology of Curiosity: A Review and Reinterpretation",1999,2200,0.95,50,87.8,72.6,"⚠️ Use with caution; verify key parameters"
"roth2008matching","What Have We Learned from Market Design?",2008,2100,0.95,50,87.6,72.5,"⚠️ Use with caution; verify key parameters"
"kahneman1999illusion","The Illusion of Understanding: Does Exposure Create Affinity?",1999,2100,0.95,50,87.6,72.5,"⚠️ Use with caution; verify key parameters"
"camerer2005frame","Experience-Weighted Attraction Learning in Games",2005,2100,0.95,50,87.6,72.5,"⚠️ Use with caution; verify key parameters"
"ariely2001cheating","The Dangers of Paying People to Think",2001,2100,0.95,50,87.6,72.5,"⚠️ Use with caution; verify key parameters"
"loewenstein1987emotions","Anticipation and the Valuation of Delayed Consumption",1987,2100,0.95,50,87.6,72.5,"⚠️ Use with caution; verify key parameters"
"autor2007fall","The Fall in the Skill Wage Premium: Secular Trends vs. Cyclical Dynamics",2007,2100,0.95,50,87.6,72.5,"⚠️ Use with caution; verify key parameters"
"thaler1985endowment","Mental Accounting and the Value of Information",1985,2800,0.90,47,89.0,72.3,"⚠️ Use with caution; verify key parameters"
"bolton1997reciprocal","A Theory of Equity, Reciprocity, and Competition",1997,2200,0.90,47,87.8,71.6,"⚠️ Use with caution; verify key parameters"
"autor2008jobs","The Future of Jobs and the Challenges of Automation",2008,1800,0.98,50,84.1,70.6,"⚠️ Use with caution; verify key parameters"
"autor2017income","The Vanishing Labor Market for Routine Work",2017,1800,0.98,50,84.1,70.6,"⚠️ Use with caution; verify key parameters"
"thaler1999mental","Mental Accounting and Lifelong Consumption",1999,2200,0.85,45,87.8,70.5,"⚠️ Use with caution; verify key parameters"
"ariely2011upside","The Upside of Irrationality: The Unexpected Benefits of Defying Logic",2011,2200,0.85,45,87.8,70.5,"⚠️ Use with caution; verify key parameters"
"baron2008intuitions","Thinking and Deciding (4th ed.):",2008,2000,0.95,49,84.5,70.3,"⚠️ Use with caution; verify key parameters"
"fehr1998reciprocity","Reciprocity and Economics: The Economic Implications of Homo Reciprocans",1998,2800,0.80,42,89.0,70.2,"⚠️ Use with caution; verify key parameters"
"fehr1997reciprocal","Reciprocity and Economics: The Economic Implications of Homo Reciprocans",1997,2800,0.80,42,89.0,70.2,"⚠️ Use with caution; verify key parameters"
"thaler2009advances","Advances in Behavioral Finance",2009,1900,0.95,49,84.3,70.2,"⚠️ Use with caution; verify key parameters"
"loewenstein2007should","What Should Be Included in a Behavioral Model?",2007,1900,0.95,49,84.3,70.2,"⚠️ Use with caution; verify key parameters"
"ariely2013the","The Role of Emotions in Economic Behavior",2013,1800,0.95,49,84.1,70.0,"⚠️ Use with caution; verify key parameters"
"loewenstein2010visceral","Neuroeconomics of Hedonic Experiences",2010,1800,0.95,49,84.1,70.0,"⚠️ Use with caution; verify key parameters"
"autor2014work","The War on Poverty: Political Promise and Behavioral Reality",2014,1800,0.95,49,84.1,70.0,"⚠️ Use with caution; verify key parameters"
"loewenstein2005visceral","The Role of Visceral Affects in Consumer Satisfaction",2005,1600,0.95,49,83.7,69.8,"❌ Insufficient robustness; recommend replication before use"
"gul1991theory","Theory of Temptation",1991,1500,0.95,49,83.5,69.7,"❌ Insufficient robustness; recommend replication before use"
"fehr2003variation","Cross-Cultural Variation in Cooperation Norms",2003,1400,0.95,49,83.3,69.5,"❌ Insufficient robustness; recommend replication before use"
"sunstein2011group","Going to Extremes: How Like Minds Unite and Divide",2011,1900,0.92,47,84.3,69.5,"❌ Insufficient robustness; recommend replication before use"
"camerer2009strategic","Strategic Thinking in Markets",2009,1900,0.92,47,84.3,69.5,"❌ Insufficient robustness; recommend replication before use"
"fehr2006status","Status Quo Bias and Inequality Aversion",2006,1350,0.95,49,83.2,69.5,"❌ Insufficient robustness; recommend replication before use"
"fehr2003unemployment","Unemployment and Wage Fairness",2003,1300,0.95,49,83.1,69.4,"❌ Insufficient robustness; recommend replication before use"
"fehr2005global","Global Commons, Cooperation, and Pollution",2005,1300,0.95,49,83.1,69.4,"❌ Insufficient robustness; recommend replication before use"
"fehr2006incentive","When Social Norms Overpower Competition: Camp Participation Among East German Children after Reunification",2006,900,1.00,50,82.3,69.4,"❌ Insufficient robustness; recommend replication before use"
"johnson2003thepower","Do Defaults Save Lives?",2003,3100,0.74,39,89.6,69.3,"❌ Insufficient robustness; recommend replication before use"
"ariely2010cognitive","Procrastination, Deadlines, and Performance",2010,1700,0.92,47,83.9,69.3,"❌ Insufficient robustness; recommend replication before use"
"fehr2012second","Do People Care About Efficiency? Time Perspective and Individual Differences in Reciprocity",2012,1100,0.95,49,82.7,69.2,"❌ Insufficient robustness; recommend replication before use"
"camerer2018prospect","Prospect Theory for Risky Choices",2018,1100,0.95,49,82.7,69.2,"❌ Insufficient robustness; recommend replication before use"
"sunstein2012simpler","Simpler: The Future of Government",2012,1600,0.92,47,83.7,69.2,"❌ Insufficient robustness; recommend replication before use"
"loewenstein2000projecting","Projecting Preferences: A New Framework for Understanding Hedonic Adaptation",2000,1900,0.90,46,84.3,69.1,"❌ Insufficient robustness; recommend replication before use"
"loewenstein2014visceral","The Visceral Basis of Motivation and Self-Control",2014,1500,0.92,47,83.5,69.1,"❌ Insufficient robustness; recommend replication before use"
"autor2018skill","Skill Biased Technological Change and Rising Inequality: Resolved?",2018,1500,0.92,47,83.5,69.1,"❌ Insufficient robustness; recommend replication before use"
"autor2012unmet","The Unsustainable Rise in Disability Insurance",2012,1400,0.92,47,83.3,68.9,"❌ Insufficient robustness; recommend replication before use"
"camerer2010levels","Levels of Thinking and Theory of Mind",2010,1700,0.90,46,83.9,68.9,"❌ Insufficient robustness; recommend replication before use"
"loewenstein2003pain","Pain and Pleasure in Health Decisions",2003,1700,0.90,46,83.9,68.9,"❌ Insufficient robustness; recommend replication before use"
"camerer2016risk","Risk Preferences in Experiments",2016,1600,0.90,46,83.7,68.8,"❌ Insufficient robustness; recommend replication before use"
"ariely2016pain","Pain and Pleasure: The Hedonic and Utilitarian Value of Experiences",2016,1600,0.90,46,83.7,68.8,"❌ Insufficient robustness; recommend replication before use"
"loewenstein2012progress","The Progress of Behavioral Economics",2012,1600,0.90,46,83.7,68.8,"❌ Insufficient robustness; recommend replication before use"
"sunstein2002risk","Risk and Reason: Safety, Law, and the Environment",2002,1800,0.88,45,84.1,68.6,"❌ Insufficient robustness; recommend replication before use"
"fehr2011punishment","The Evolution of Costly Punishment",2011,1400,0.90,46,83.3,68.5,"❌ Insufficient robustness; recommend replication before use"
"ariely2014dollars","Dollars and Sense: How We Misthink Money and How to Spend Smarter",2014,1400,0.90,46,83.3,68.5,"❌ Insufficient robustness; recommend replication before use"
"fehr2013implicit","Implicit Fairness Preferences",2013,980,0.95,48,82.5,68.5,"❌ Insufficient robustness; recommend replication before use"
"autor2009new","The New Economics of the Labor Market: The Role of Institutions",2009,1600,0.88,45,83.7,68.3,"❌ Insufficient robustness; recommend replication before use"
"autor2015rise","The Rise of the Machines: Automation, Horizontal Integration, and Concentration",2015,1600,0.88,45,83.7,68.3,"❌ Insufficient robustness; recommend replication before use"
"sunstein2014splinter","#Republic: Divided Democracy in the Age of Social Media",2014,1400,0.89,46,83.3,68.3,"❌ Insufficient robustness; recommend replication before use"
"fehr2009competition","Competition and Cooperation in Firms",2009,1200,0.90,46,82.9,68.3,"❌ Insufficient robustness; recommend replication before use"
"sunstein2003precautionary","The Precautionary Principle in Practice",2003,1700,0.87,45,83.9,68.3,"❌ Insufficient robustness; recommend replication before use"
"ariely2012behavioral","Behavioral Economics and the Irrational Consumer",2012,1500,0.88,45,83.5,68.2,"❌ Insufficient robustness; recommend replication before use"
"loewenstein2008choice","The Role of Emotions in Economic Behavior",2008,1500,0.88,45,83.5,68.2,"❌ Insufficient robustness; recommend replication before use"
"thaler2013mental","Mental Accounting and Life Events",2013,1100,0.90,46,82.7,68.2,"❌ Insufficient robustness; recommend replication before use"
"sunstein2010simple","Simple Rules for a Complex World",2010,1400,0.88,45,83.3,68.1,"❌ Insufficient robustness; recommend replication before use"
"camerer2008advice","Advice Taking and Choice Reversals",2008,1400,0.88,45,83.3,68.1,"❌ Insufficient robustness; recommend replication before use"
"camerer2017reading","Reading Minds and Revealing Preferences",2017,1400,0.88,45,83.3,68.1,"❌ Insufficient robustness; recommend replication before use"
"camerer2011trust","Behavioral Game Theory and Trust",2011,1500,0.87,45,83.5,68.0,"❌ Insufficient robustness; recommend replication before use"
"thaler2000atus","Mental Accounting and the Equity Premium Puzzle",2000,1800,0.85,44,84.1,68.0,"❌ Insufficient robustness; recommend replication before use"
"loewenstein2013visceral","Visceral States and Behavior",2013,1300,0.87,45,83.1,67.8,"❌ Insufficient robustness; recommend replication before use"
"autor2019future","The Future of Work: Work in the Time of Robots",2019,1100,0.88,45,82.7,67.7,"❌ Insufficient robustness; recommend replication before use"
"sunstein2008infotopia","Infotopia: How Many Minds Produce Knowledge",2008,1600,0.85,44,83.7,67.7,"❌ Insufficient robustness; recommend replication before use"
"camerer2006hyperbolic","Hyperbolic Discounting and Games",2006,1600,0.85,44,83.7,67.7,"❌ Insufficient robustness; recommend replication before use"
"ariely2005pain","Demystifying the Endowment Effect",2005,1600,0.85,44,83.7,67.7,"❌ Insufficient robustness; recommend replication before use"
"thaler1994gift","Gift-Giving and Mental Accounting",1994,1500,0.85,44,83.5,67.6,"❌ Insufficient robustness; recommend replication before use"
"sunstein2008cost","The Cognitive Bias of the Cost-Benefit Analysis",2008,1500,0.85,44,83.5,67.6,"❌ Insufficient robustness; recommend replication before use"
"sunstein2007incompletely","On the Divergence Between Stated and Revealed Preferences",2007,1500,0.85,44,83.5,67.6,"❌ Insufficient robustness; recommend replication before use"
"thaler2011mental","Mental Accounting and Debt",2011,1300,0.85,44,83.1,67.4,"❌ Insufficient robustness; recommend replication before use"
"fehr2010reciprocity","Reciprocity and Market Integration - Did Smithian Thinking Fail?",2010,1250,0.85,44,83.0,67.3,"❌ Insufficient robustness; recommend replication before use"
"sunstein2009worst","Worst-Case Scenarios",2009,1200,0.85,44,82.9,67.2,"❌ Insufficient robustness; recommend replication before use"
"fehr2010altruism","Altruism 3.0: Addressing the Gendered Dimensions of Altruism",2010,1200,0.85,44,82.9,67.2,"❌ Insufficient robustness; recommend replication before use"
"autor2017unraveling","The Unraveling of Higher Education: Skill Mismatch and Job Polarization",2017,1200,0.85,44,82.9,67.2,"❌ Insufficient robustness; recommend replication before use"
"ariely2018the","Misbeha­ving With Data: The Hidden Patterns in Economic Life",2018,1100,0.85,44,82.7,67.1,"❌ Insufficient robustness; recommend replication before use"
"camerer1989empirical","An Experimental Test of Several Proposed Bid Shading Models in First-Price Sealed Bid Auctions",1989,1800,0.80,41,84.1,66.9,"❌ Insufficient robustness; recommend replication before use"
"thaler1997mental","Mental Accounting Matters",1997,1800,0.80,41,84.1,66.9,"❌ Insufficient robustness; recommend replication before use"
"camerer2012expertise","The Calibration of Expert Judgment",2012,1300,0.82,42,83.1,66.8,"❌ Insufficient robustness; recommend replication before use"
"sunstein2015rule","The Rule of Law and Its Threats",2015,1200,0.82,42,82.9,66.6,"❌ Insufficient robustness; recommend replication before use"
"ariely2015payoff","Payoff Matrices and Decision Making",2015,1200,0.82,42,82.9,66.6,"❌ Insufficient robustness; recommend replication before use"
"thaler2004value","Mental Accounting and the Value of Options",2004,1400,0.80,41,83.3,66.5,"❌ Insufficient robustness; recommend replication before use"
"autor2020why","Why Are There So Many Jobs? The History and Future of Workplace Automation",2020,900,0.85,42,82.3,66.4,"❌ Insufficient robustness; recommend replication before use"
"sunstein2006parental","Parental Rights, Autonomy, and Social Pluralism",2006,1300,0.80,41,83.1,66.3,"❌ Insufficient robustness; recommend replication before use"
"thaler2010mental","Mental Accounting and the Allocation of Effort",2010,1200,0.80,41,82.9,66.2,"❌ Insufficient robustness; recommend replication before use"
"sunstein2014consensus","The Consensus of Climate Change",2014,1100,0.80,41,82.7,66.1,"❌ Insufficient robustness; recommend replication before use"
"sunstein2013why","Why Nudges Don't Solve Everything",2013,1300,0.78,40,83.1,65.9,"❌ Insufficient robustness; recommend replication before use"
"camerer2014prediction","Prediction Markets and the Aggregation of Forecast Errors",2014,1200,0.78,40,82.9,65.8,"❌ Insufficient robustness; recommend replication before use"
"ariely2019mind","Mind Over Money: How to Stay Financially Rational",2019,800,0.82,41,82.1,65.7,"❌ Insufficient robustness; recommend replication before use"
"kube2012efficiency","The Currency of Reciprocity: Gift Exchange in the Workplace",2012,980,0.80,40,82.5,65.5,"❌ Insufficient robustness; recommend replication before use"
"sunstein2004secondary","Secondary Effects and the First Amendment",2004,1200,0.75,39,82.9,65.2,"❌ Insufficient robustness; recommend replication before use"
"autor2021labor","Labor Markets and Behavioral Economics: The COVID Era and Beyond",2021,600,0.80,40,81.7,65.0,"❌ Insufficient robustness; recommend replication before use"
"ariely2017irrationality","Irrationality in All of Us: Why We Make Decisions We Regret",2017,900,0.78,39,82.3,65.0,"❌ Insufficient robustness; recommend replication before use"
"orey2005behavioral","Belief and Inference",2005,800,0.75,38,82.1,64.3,"❌ Insufficient robustness; recommend replication before use"
"hoff2011whither","Striving for Balance in Economics: Towards a Theory of the Social Determination of Behavior",2010,1200,0.60,31,82.9,62.1,"❌ Insufficient robustness; recommend replication before use"
"dellavigna2009paying","Paying Not to Go to the Gym",2009,2200,0.50,26,82.9,60.2,"❌ Insufficient robustness; recommend replication before use"
"madrian2001power","The Power of Suggestion: Inertia in 401(k) Participation and Savings Behavior",2001,4200,0.37,19,86.9,59.9,"❌ Insufficient robustness; recommend replication before use"
"allcott2011social","Social Norms and Energy Conservation",2011,1800,0.03,1,78.2,47.4,"❌ Insufficient robustness; recommend replication before use"
